Workbook
Name нгн: #REF!
Name нгн: #REF!
Name нгн: #REF!
Name нгн: #REF!
Name нгн: #REF!
Name нгн: #REF!
Name нгн: #REF!
Name нгн: #REF!
Name нгн: #REF!
Name нгн: #REF!
Name нгн: #REF!
Name нгн: #REF!
Name ннннннн: #REF!
Name ннннннн: #REF!
Name ннннннн: #REF!
Name ннннннн: #REF!
Name ннннннн: #REF!
Name ннннннн: #REF!
Name ннннннн: #REF!
Name ннннннн: #REF!
Name ннннннн: #REF!
Name ннннннн: #REF!
Name ннннннн: #REF!
Name ннннннн: #REF!
Name ннннннн: #REF!
Name ннннннн: #REF!
Name ннннннн: #REF!
Name оло: #REF!
Name оло: #REF!
Name оло: #REF!
Name оло: #REF!
Name оло: #REF!
Name оло: #REF!
Name оло: #REF!
Name оло: #REF!
Name оло: #REF!
Name оло: #REF!
Name оло: #REF!
Name оло: #REF!
Name оло: #REF!
Name оло: #REF!
Name оло: #REF!
Name Условие: #REF!
Name Условие: #REF!
Name Условие: #REF!
Name Условие: #REF!
Name Условие: #REF!
Name Условие: #REF!
Name Условие: #REF!
Name Условие: #REF!
Name Условие: #REF!
Name Условие: #REF!
Name Условие: #REF!
Name Условие: #REF!
Name Условие: #REF!
Name Условие: #REF!
Name Условие: #REF!
Name Условие: #REF!

Sheet Справочники
A1: Отдел | B1: Должность | C1: Оклад | F1: Отдел | G1: Телефон | H1: Рабочий телефон
A2: Бухгалтерия | B2: Бухгалтер | C2: 12000 | F2: Бухгалтерия | G2: 643201 | H2: =CONCATENATE("+7(8332)", MID(G2, 1, 2), "-", MID(G2, 3, 2), "-", MID(G2, 5, 2)) -> +7(8332)64-32-01
A3: Технологический отдел | B3: Ведущий специалист | C3: 17000 | F3: Технологический отдел | G3: 643214 | H3: =CONCATENATE("+7(8332)", MID(G3, 1, 2), "-", MID(G3, 3, 2), "-", MID(G3, 5, 2)) -> +7(8332)64-32-14
A4: Технологический отдел | B4: Верстальщик | C4: 12000 | F4: Транспортный отдел | G4: 643231 | H4: =CONCATENATE("+7(8332)", MID(G4, 1, 2), "-", MID(G4, 3, 2), "-", MID(G4, 5, 2)) -> +7(8332)64-32-31
A5: Транспортный отдел | B5: Водитель | C5: 12000 | F5: Редакторский отдел | G5: 643213 | H5: =CONCATENATE("+7(8332)", MID(G5, 1, 2), "-", MID(G5, 3, 2), "-", MID(G5, 5, 2)) -> +7(8332)64-32-13
A6: Бухгалтерия | B6: Главный бухгалтер | C6: 20000 | F6: Склад | G6: 643223 | H6: =CONCATENATE("+7(8332)", MID(G6, 1, 2), "-", MID(G6, 3, 2), "-", MID(G6, 5, 2)) -> +7(8332)64-32-23
A7: Редакторский отдел | B7: Главный редактор | C7: 20000 | F7: Управление | G7: 643210 | H7: =CONCATENATE("+7(8332)", MID(G7, 1, 2), "-", MID(G7, 3, 2), "-", MID(G7, 5, 2)) -> +7(8332)64-32-10
A8: Технологический отдел | B8: Главный технолог | C8: 22000 | F8: Отдел худ. оформления | G8: 643220 | H8: =CONCATENATE("+7(8332)", MID(G8, 1, 2), "-", MID(G8, 3, 2), "-", MID(G8, 5, 2)) -> +7(8332)64-32-20
A9: Склад | B9: Грузчик | C9: 11000 | F9: Рекламный отдел | G9: 643217 | H9: =CONCATENATE("+7(8332)", MID(G9, 1, 2), "-", MID(G9, 3, 2), "-", MID(G9, 5, 2)) -> +7(8332)64-32-17
A10: Управление | B10: Директор | C10: 35000 | F10: Отдел продаж | G10: 643218 | H10: =CONCATENATE("+7(8332)", MID(G10, 1, 2), "-", MID(G10, 3, 2), "-", MID(G10, 5, 2)) -> +7(8332)64-32-18
A11: Транспортный отдел | B11: Диспетчер | C11: 12000
A12: Бухгалтерия | B12: Зам. гл. бухгалтера | C12: 17000
A13: Редакторский отдел | B13: Зам. гл. редактора | C13: 19000
A14: Управление | B14: Зам. директора | C14: 28000
A15: Отдел худ. оформления | B15: Зам. начальника отдела | C15: 18000
A16: Бухгалтерия | B16: Кассир | C16: 12000
A17: Склад | B17: Кладовщик | C17: 15000
A18: Редакторский отдел | B18: Корректор | C18: 14000
A19: Технологический отдел | B19: Машинистка | C19: 12000
A20: Рекламный отдел | B20: Менеджер | C20: 15000
A21: Отдел продаж | B21: Менеджер | C21: 15000
A22: Рекламный отдел | B22: Начальник отдела | C22: 22000
... A35: Бухгалтерия | B35: Экономист | C35: 15000

Sheet База данных
A1: Табельный номер | B1: Фамилия | C1: Имя | D1: Отчество | E1: Пол | F1: Отдел | G1: Должность | H1: Оклад | I1: Образование | J1: Дата найма | K1: Дата рождения | L1: Стаж | M1: Возраст | N1: Рабочий телефон
A2: 101 | B2: Айдарпашич | C2: Амина | D2: Александровна | E2: жен | F2: =LOOKUP(G2,Справочники!$B$2:$B$35,Справочники!$A$2:$A$35) -> Бухгалтерия | G2: Бухгалтер | H2: =LOOKUP(G2,Справочники!$B$2:$B$35,Справочники!$C$2:$C$35) -> 12000 | I2: высшее | J2: 38944 | K2: 30198 | L2: =DATEDIF(J2, TODAY(),"Y") -> 16 | M2: =DATEDIF(K2, TODAY(),"Y") -> 40 | N2: =LOOKUP(F2,Справочники!$F$2:$F$10,Справочники!$H$2:$H$10) -> +7(8332)64-32-01
A3: 102 | B3: Вербицкая | C3: Елена | D3: Вадимовна | E3: жен | F3: =LOOKUP(G3,Справочники!$B$2:$B$35,Справочники!$A$2:$A$35) -> Бухгалтерия | G3: Главный бухгалтер | H3: =LOOKUP(G3,Справочники!$B$2:$B$35,Справочники!$C$2:$C$35) -> 20000 | I3: высшее | J3: 34380 | K3: 25186 | L3: =DATEDIF(J3, TODAY(),"Y") -> 28 | M3: =DATEDIF(K3, TODAY(),"Y") -> 53 | N3: =LOOKUP(F3,Справочники!$F$2:$F$10,Справочники!$H$2:$H$10) -> +7(8332)64-32-01
A4: 103 | B4: Иванова | C4: Людмила | D4: Петровна | E4: жен | F4: =LOOKUP(G4,Справочники!$B$2:$B$35,Справочники!$A$2:$A$35) -> Бухгалтерия | G4: Кассир | H4: =LOOKUP(G4,Справочники!$B$2:$B$35,Справочники!$C$2:$C$35) -> 12000 | I4: среднее специальное | J4: 42962 | K4: 34762 | L4: =DATEDIF(J4, TODAY(),"Y") -> 5 | M4: =DATEDIF(K4, TODAY(),"Y") -> 27 | N4: =LOOKUP(F4,Справочники!$F$2:$F$10,Справочники!$H$2:$H$10) -> +7(8332)64-32-01
A5: 104 | B5: Лобурец | C5: Диана | D5: Борисовна | E5: жен | F5: =LOOKUP(G5,Справочники!$B$2:$B$35,Справочники!$A$2:$A$35) -> Бухгалтерия | G5: Экономист | H5: =LOOKUP(G5,Справочники!$B$2:$B$35,Справочники!$C$2:$C$35) -> 15000 | I5: высшее | J5: 41530 | K5: 25346 | L5: =DATEDIF(J5, TODAY(),"Y") -> 9 | M5: =DATEDIF(K5, TODAY(),"Y") -> 53 | N5: =LOOKUP(F5,Справочники!$F$2:$F$10,Справочники!$H$2:$H$10) -> +7(8332)64-32-01
A6: 105 | B6: Алеев | C6: Леонид | D6: Иванович | E6: муж | F6: =LOOKUP(G6,Справочники!$B$2:$B$35,Справочники!$A$2:$A$35) -> Бухгалтерия | G6: Зам. гл. бухгалтера | H6: =LOOKUP(G6,Справочники!$B$2:$B$35,Справочники!$C$2:$C$35) -> 17000 | I6: высшее | J6: 41165 | K6: 31196 | L6: =DATEDIF(J6, TODAY(),"Y") -> 10 | M6: =DATEDIF(K6, TODAY(),"Y") -> 37 | N6: =LOOKUP(F6,Справочники!$F$2:$F$10,Справочники!$H$2:$H$10) -> +7(8332)64-32-01
A7: 106 | B7: Левитин | C7: Евгений | D7: Валерьянович | E7: муж | F7: =LOOKUP(G7,Справочники!$B$2:$B$35,Справочники!$A$2:$A$35) -> Бухгалтерия | G7: Бухгалтер | H7: =LOOKUP(G7,Справочники!$B$2:$B$35,Справочники!$C$2:$C$35) -> 12000 | I7: неполное высшее | J7: 42626 | K7: 31062 | L7: =DATEDIF(J7, TODAY(),"Y") -> 6 | M7: =DATEDIF(K7, TODAY(),"Y") -> 37 | N7: =LOOKUP(F7,Справочники!$F$2:$F$10,Справочники!$H$2:$H$10) -> +7(8332)64-32-01
A8: 107 | B8: Богуславская | C8: Дарья | D8: Вячеславовна | E8: жен | F8: =LOOKUP(G8,Справочники!$B$2:$B$35,Справочники!$A$2:$A$35) -> Управление | G8: Референт | H8: =LOOKUP(G8,Справочники!$B$2:$B$35,Справочники!$C$2:$C$35) -> 15000 | I8: среднее специальное | J8: 39956 | K8: 30254 | L8: =DATEDIF(J8, TODAY(),"Y") -> 13 | M8: =DATEDIF(K8, TODAY(),"Y") -> 40 | N8: =LOOKUP(F8,Справочники!$F$2:$F$10,Справочники!$H$2:$H$10) -> +7(8332)64-32-18
A9: 108 | B9: Иванов | C9: Александр | D9: Геннадиевич | E9: муж | F9: =LOOKUP(G9,Справочники!$B$2:$B$35,Справочники!$A$2:$A$35) -> Управление | G9: Директор | H9: =LOOKUP(G9,Справочники!$B$2:$B$35,Справочники!$C$2:$C$35) -> 35000 | I9: высшее | J9: 38579 | K9: 28499 | L9: =DATEDIF(J9, TODAY(),"Y") -> 17 | M9: =DATEDIF(K9, TODAY(),"Y") -> 44 | N9: =LOOKUP(F9,Справочники!$F$2:$F$10,Справочники!$H$2:$H$10) -> +7(8332)64-32-18
A10: 109 | B10: Васильев | C10: Леонид | D10: Сергеевич | E10: муж | F10: =LOOKUP(G10,Справочники!$B$2:$B$35,Справочники!$A$2:$A$35) -> Управление | G10: Зам. директора | H10: =LOOKUP(G10,Справочники!$B$2:$B$35,Справочники!$C$2:$C$35) -> 28000 | I10: высшее | J10: 39103 | K10: 27786 | L10: =DATEDIF(J10, TODAY(),"Y") -> 15 | M10: =DATEDIF(K10, TODAY(),"Y") -> 46 | N10: =LOOKUP(F10,Справочники!$F$2:$F$10,Справочники!$H$2:$H$10) -> +7(8332)64-32-18
A11: 110 | B11: Федотова | C11: Инна | D11: Николаевна | E11: жен | F11: =LOOKUP(G11,Справочники!$B$2:$B$35,Справочники!$A$2:$A$35) -> Управление | G11: Финансовый директор | H11: =LOOKUP(G11,Справочники!$B$2:$B$35,Справочники!$C$2:$C$35) -> 30000 | I11: высшее | J11: 34436 | K11: 26821 | L11: =DATEDIF(J11, TODAY(),"Y") -> 28 | M11: =DATEDIF(K11, TODAY(),"Y") -> 49 | N11: =LOOKUP(F11,Справочники!$F$2:$F$10,Справочники!$H$2:$H$10) -> +7(8332)64-32-18
A12: 111 | B12: Прохорова | C12: Татьяна | D12: Петровна | E12: жен | F12: =LOOKUP(G12,Справочники!$B$2:$B$35,Справочники!$A$2:$A$35) -> Управление | G12: Секретарь | H12: =LOOKUP(G12,Справочники!$B$2:$B$35,Справочники!$C$2:$C$35) -> 15000 | I12: неполное высшее | J12: 42960 | K12: 33207 | L12: =DATEDIF(J12, TODAY(),"Y") -> 5 | M12: =DATEDIF(K12, TODAY(),"Y") -> 31 | N12: =LOOKUP(F12,Справочники!$F$2:$F$10,Справочники!$H$2:$H$10) -> +7(8332)64-32-18
A13: 112 | B13: Максимов | C13: Андрей | D13: Леонидович | E13: муж | F13: =LOOKUP(G13,Справочники!$B$2:$B$35,Справочники!$A$2:$A$35) -> Рекламный отдел | G13: Начальник отдела | H13: =LOOKUP(G13,Справочники!$B$2:$B$35,Справочники!$C$2:$C$35) -> 22000 | I13: высшее | J13: 40966 | K13: 31390 | L13: =DATEDIF(J13, TODAY(),"Y") -> 10 | M13: =DATEDIF(K13, TODAY(),"Y") -> 36 | N13: =LOOKUP(F13,Справочники!$F$2:$F$10,Справочники!$H$2:$H$10) -> +7(8332)64-32-01
... A65: 164 | B65: Толоконникова | C65: Майя | D65: Кириловна | E65: жен | F65: =LOOKUP(G65,Справочники!$B$2:$B$35,Справочники!$A$2:$A$35) -> Транспортный отдел | G65: Диспетчер | H65: =LOOKUP(G65,Справочники!$B$2:$B$35,Справочники!$C$2:$C$35) -> 12000 | I65: среднее | J65: 43438 | K65: 34714 | L65: =DATEDIF(J65, TODAY(),"Y") -> 3 | M65: =DATEDIF(K65, TODAY(),"Y") -> 27 | N65: =LOOKUP(F65,Справочники!$F$2:$F$10,Справочники!$H$2:$H$10) -> +7(8332)64-32-18

Sheet Октябрь
A1: Ведомость начисления заработной платы | I1: за октябрь 2019 | S1: Рабочий телефон
F2: 0.1 | G2: 0.15 | I2: 0.13 | S2: Рабочий телефон
A3: Табельный номер | B3: Фамилия | C3: Имя | D3: Отчество | E3: Оклад | F3: Премия | G3: Районный коэффициент | H3: Начислено | I3: НДФЛ | J3: К выдаче | K3: Пол | L3: Отдел | M3: Должность | N3: Образование | O3: Дата найма | P3: Стаж | Q3: Дата рождения | R3: Возраст | S3: Рабочий телефон
A4: 101 | B4: Айдарпашич | C4: Амина | D4: Александровна | E4: =LOOKUP(M4,Справочники!$B$2:$B$35,Справочники!$C$2:$C$35) -> 12000 | F4: =IF(P4>=5, E4*$F$2, ) -> 1200 | G4: =E4*$G$2 -> 1800 | H4: =E4+F4+G4 -> 15000 | I4: =H4*$I$2 -> 1950 | J4: =H4-I4 -> 13050 | K4: жен | L4: =LOOKUP(M4,Справочники!$B$2:$B$35,Справочники!$A$2:$A$35) -> Бухгалтерия | M4: Бухгалтер | N4: высшее | O4: 38944 | P4: =DATEDIF(O4, TODAY(),"Y") -> 16 | Q4: 30198 | R4: =DATEDIF(Q4, TODAY(),"Y") -> 40 | S4: =LOOKUP(L4,Справочники!$F$2:$F$10,Справочники!$H$2:$H$10) -> +7(8332)64-32-01
A5: 105 | B5: Алеев | C5: Леонид | D5: Иванович | E5: =LOOKUP(M5,Справочники!$B$2:$B$35,Справочники!$C$2:$C$35) -> 17000 | F5: =IF(P5>=5, E5*$F$2, ) -> 1700 | G5: =E5*$G$2 -> 2550 | H5: =E5+F5+G5 -> 21250 | I5: =H5*$I$2 -> 2762.5 | J5: =H5-I5 -> 18487.5 | K5: муж | L5: =LOOKUP(M5,Справочники!$B$2:$B$35,Справочники!$A$2:$A$35) -> Бухгалтерия | M5: Зам. гл. бухгалтера | N5: высшее | O5: 41165 | P5: =DATEDIF(O5, TODAY(),"Y") -> 10 | Q5: 31196 | R5: =DATEDIF(Q5, TODAY(),"Y") -> 37 | S5: =LOOKUP(L5,Справочники!$F$2:$F$10,Справочники!$H$2:$H$10) -> +7(8332)64-32-01
A6: 130 | B6: Арбузова | C6: Маргарита | D6: Ивановна | E6: =LOOKUP(M6,Справочники!$B$2:$B$35,Справочники!$C$2:$C$35) -> 15000 | F6: =IF(P6>=5, E6*$F$2, ) -> 1500 | G6: =E6*$G$2 -> 2250 | H6: =E6+F6+G6 -> 18750 | I6: =H6*$I$2 -> 2437.5 | J6: =H6-I6 -> 16312.5 | K6: жен | L6: =LOOKUP(M6,Справочники!$B$2:$B$35,Справочники!$A$2:$A$35) -> Управление | M6: Референт | N6: неполное высшее | O6: 42765 | P6: =DATEDIF(O6, TODAY(),"Y") -> 5 | Q6: 34714 | R6: =DATEDIF(Q6, TODAY(),"Y") -> 27 | S6: =LOOKUP(L6,Справочники!$F$2:$F$10,Справочники!$H$2:$H$10) -> +7(8332)64-32-18
A7: 139 | B7: Белозерова | C7: Ольга | D7: Владимировна | E7: =LOOKUP(M7,Справочники!$B$2:$B$35,Справочники!$C$2:$C$35) -> 15000 | F7: =IF(P7>=5, E7*$F$2, ) -> 1500 | G7: =E7*$G$2 -> 2250 | H7: =E7+F7+G7 -> 18750 | I7: =H7*$I$2 -> 2437.5 | J7: =H7-I7 -> 16312.5 | K7: жен | L7: =LOOKUP(M7,Справочники!$B$2:$B$35,Справочники!$A$2:$A$35) -> Управление | M7: Референт | N7: среднее специальное | O7: 41697 | P7: =DATEDIF(O7, TODAY(),"Y") -> 8 | Q7: 33022 | R7: =DATEDIF(Q7, TODAY(),"Y") -> 32 | S7: =LOOKUP(L7,Справочники!$F$2:$F$10,Справочники!$H$2:$H$10) -> +7(8332)64-32-18
A8: 107 | B8: Богуславская | C8: Дарья | D8: Вячеславовна | E8: =LOOKUP(M8,Справочники!$B$2:$B$35,Справочники!$C$2:$C$35) -> 15000 | F8: =IF(P8>=5, E8*$F$2, ) -> 1500 | G8: =E8*$G$2 -> 2250 | H8: =E8+F8+G8 -> 18750 | I8: =H8*$I$2 -> 2437.5 | J8: =H8-I8 -> 16312.5 | K8: жен | L8: =LOOKUP(M8,Справочники!$B$2:$B$35,Справочники!$A$2:$A$35) -> Управление | M8: Референт | N8: среднее специальное | O8: 39956 | P8: =DATEDIF(O8, TODAY(),"Y") -> 13 | Q8: 30254 | R8: =DATEDIF(Q8, TODAY(),"Y") -> 40 | S8: =LOOKUP(L8,Справочники!$F$2:$F$10,Справочники!$H$2:$H$10) -> +7(8332)64-32-18
A9: 150 | B9: Бычкова | C9: Людмила | D9: Петровна | E9: =LOOKUP(M9,Справочники!$B$2:$B$35,Справочники!$C$2:$C$35) -> 16000 | F9: =IF(P9>=5, E9*$F$2, ) -> 1600 | G9: =E9*$G$2 -> 2400 | H9: =E9+F9+G9 -> 20000 | I9: =H9*$I$2 -> 2600 | J9: =H9-I9 -> 17400 | K9: жен | L9: =LOOKUP(M9,Справочники!$B$2:$B$35,Справочники!$A$2:$A$35) -> Редакторский отдел | M9: Переводчик | N9: высшее | O9: 34714 | P9: =DATEDIF(O9, TODAY(),"Y") -> 27 | Q9: 22250 | R9: =DATEDIF(Q9, TODAY(),"Y") -> 61 | S9: =LOOKUP(L9,Справочники!$F$2:$F$10,Справочники!$H$2:$H$10) -> +7(8332)64-32-01
A10: 109 | B10: Васильев | C10: Леонид | D10: Сергеевич | E10: =LOOKUP(M10,Справочники!$B$2:$B$35,Справочники!$C$2:$C$35) -> 28000 | F10: =IF(P10>=5, E10*$F$2, ) -> 2800 | G10: =E10*$G$2 -> 4200 | H10: =E10+F10+G10 -> 35000 | I10: =H10*$I$2 -> 4550 | J10: =H10-I10 -> 30450 | K10: муж | L10: =LOOKUP(M10,Справочники!$B$2:$B$35,Справочники!$A$2:$A$35) -> Управление | M10: Зам. директора | N10: высшее | O10: 39103 | P10: =DATEDIF(O10, TODAY(),"Y") -> 15 | Q10: 27786 | R10: =DATEDIF(Q10, TODAY(),"Y") -> 46 | S10: =LOOKUP(L10,Справочники!$F$2:$F$10,Справочники!$H$2:$H$10) -> +7(8332)64-32-18
A11: 102 | B11: Вербицкая | C11: Елена | D11: Вадимовна | E11: =LOOKUP(M11,Справочники!$B$2:$B$35,Справочники!$C$2:$C$35) -> 20000 | F11: =IF(P11>=5, E11*$F$2, ) -> 2000 | G11: =E11*$G$2 -> 3000 | H11: =E11+F11+G11 -> 25000 | I11: =H11*$I$2 -> 3250 | J11: =H11-I11 -> 21750 | K11: жен | L11: =LOOKUP(M11,Справочники!$B$2:$B$35,Справочники!$A$2:$A$35) -> Бухгалтерия | M11: Главный бухгалтер | N11: высшее | O11: 34380 | P11: =DATEDIF(O11, TODAY(),"Y") -> 28 | Q11: 25186 | R11: =DATEDIF(Q11, TODAY(),"Y") -> 53 | S11: =LOOKUP(L11,Справочники!$F$2:$F$10,Справочники!$H$2:$H$10) -> +7(8332)64-32-01
A12: 143 | B12: Веселов | C12: Аркадий | D12: Тимофеевич | E12: =LOOKUP(M12,Справочники!$B$2:$B$35,Справочники!$C$2:$C$35) -> 11000 | F12: =IF(P12>=5, E12*$F$2, ) -> 1100 | G12: =E12*$G$2 -> 1650 | H12: =E12+F12+G12 -> 13750 | I12: =H12*$I$2 -> 1787.5 | J12: =H12-I12 -> 11962.5 | K12: муж | L12: =LOOKUP(M12,Справочники!$B$2:$B$35,Справочники!$A$2:$A$35) -> Склад | M12: Грузчик | N12: среднее | O12: 42016 | P12: =DATEDIF(O12, TODAY(),"Y") -> 7 | Q12: 30232 | R12: =DATEDIF(Q12, TODAY(),"Y") -> 40 | S12: =LOOKUP(L12,Справочники!$F$2:$F$10,Справочники!$H$2:$H$10) -> +7(8332)64-32-23
A13: 134 | B13: Володина | C13: Валентина | D13: Кириловна | E13: =LOOKUP(M13,Справочники!$B$2:$B$35,Справочники!$C$2:$C$35) -> 20000 | F13: =IF(P13>=5, E13*$F$2, ) -> 2000 | G13: =E13*$G$2 -> 3000 | H13: =E13+F13+G13 -> 25000 | I13: =H13*$I$2 -> 3250 | J13: =H13-I13 -> 21750 | K13: жен | L13: =LOOKUP(M13,Справочники!$B$2:$B$35,Справочники!$A$2:$A$35) -> Технологический отдел | M13: Художник | N13: высшее | O13: 35208 | P13: =DATEDIF(O13, TODAY(),"Y") -> 26 | Q13: 25186 | R13: =DATEDIF(Q13, TODAY(),"Y") -> 53 | S13: =LOOKUP(L13,Справочники!$F$2:$F$10,Справочники!$H$2:$H$10) -> +7(8332)64-32-18
A14: 142 | B14: Георгиева | C14: Ульяна | D14: Сергеевна | E14: =LOOKUP(M14,Справочники!$B$2:$B$35,Справочники!$C$2:$C$35) -> 15000 | F14: =IF(P14>=5, E14*$F$2, ) -> 1500 | G14: =E14*$G$2 -> 2250 | H14: =E14+F14+G14 -> 18750 | I14: =H14*$I$2 -> 2437.5 | J14: =H14-I14 -> 16312.5 | K14: жен | L14: =LOOKUP(M14,Справочники!$B$2:$B$35,Справочники!$A$2:$A$35) -> Склад | M14: Кладовщик | N14: среднее | O14: 34955 | P14: =DATEDIF(O14, TODAY(),"Y") -> 27 | Q14: 24134 | R14: =DATEDIF(Q14, TODAY(),"Y") -> 56 | S14: =LOOKUP(L14,Справочники!$F$2:$F$10,Справочники!$H$2:$H$10) -> +7(8332)64-32-23
A15: 114 | B15: Горбачева | C15: Клавдия | D15: Валериевна | E15: =LOOKUP(M15,Справочники!$B$2:$B$35,Справочники!$C$2:$C$35) -> 22000 | F15: =IF(P15>=5, E15*$F$2, ) -> 0 | G15: =E15*$G$2 -> 3300 | H15: =E15+F15+G15 -> 25300 | I15: =H15*$I$2 -> 3289 | J15: =H15-I15 -> 22011 | K15: жен | L15: =LOOKUP(M15,Справочники!$B$2:$B$35,Справочники!$A$2:$A$35) -> Технологический отдел | M15: Главный технолог | N15: высшее | O15: 43356 | P15: =DATEDIF(O15, TODAY(),"Y") -> 4 | Q15: 24300 | R15: =DATEDIF(Q15, TODAY(),"Y") -> 56 | S15: =LOOKUP(L15,Справочники!$F$2:$F$10,Справочники!$H$2:$H$10) -> +7(8332)64-32-18
... A67: 125 | B67: Юматова | C67: Татьяна | D67: Сергеевна | E67: =LOOKUP(M67,Справочники!$B$2:$B$35,Справочники!$C$2:$C$35) -> 12000 | F67: =IF(P67>=5, E67*$F$2, ) -> 1200 | G67: =E67*$G$2 -> 1800 | H67: =E67+F67+G67 -> 15000 | I67: =H67*$I$2 -> 1950 | J67: =H67-I67 -> 13050 | K67: жен | L67: =LOOKUP(M67,Справочники!$B$2:$B$35,Справочники!$A$2:$A$35) -> Технологический отдел | M67: Верстальщик | N67: среднее | O67: 35290 | P67: =DATEDIF(O67, TODAY(),"Y") -> 26 | Q67: 22065 | R67: =DATEDIF(Q67, TODAY(),"Y") -> 62 | S67: =LOOKUP(L67,Справочники!$F$2:$F$10,Справочники!$H$2:$H$10) -> +7(8332)64-32-18
I68: =SUM(I4:I67) -> 168616.5 | J68: =SUM(J4:J67) -> 1128433.5
D69: ИТОГО:
B72: =MAX(J4:J67) -> 38062.5 | C72: - максимальная сумма к выдаче
B73: =MIN(I4:I67) -> 1644.5 | C73: - минимальный налог
B74: =AVERAGE(E4:E67) -> 16296.875 | C74: - средний оклад
B75: =COUNTIF(F4:F67, ">0") -> 60 | C75: - количество сотрудников, не получающих премию
B76: =SUMIF(F4:F67, ">0", I4:I67) -> 158600 | C76: - суммарный подоходный налог сотрудников, получающих премию
B77: =SUMIFS( E4:E67, F4:F67, "=0", E4:E67, ">15000") -> 44000 | C77: - суммарные оклады сотрудников, не получающих премию, и оклады которых превышают 15 000 руб.

Sheet Ноябрь
A1: Ведомость начисления заработной платы | I1: за октябрь 2019 | S1: Рабочий телефон
F2: 0.15 | G2: 0.15 | I2: 0.13 | S2: Рабочий телефон
A3: Табельный номер | B3: Фамилия | C3: Имя | D3: Отчество | E3: Оклад | F3: Премия | G3: Районный коэффициент | H3: Начислено | I3: НДФЛ | J3: К выдаче | K3: Пол | L3: Отдел | M3: Должность | N3: Образование | O3: Дата найма | P3: Стаж | Q3: Дата рождения | R3: Возраст | S3: Рабочий телефон
A4: 101 | B4: Айдарпашич | C4: Амина | D4: Александровна | E4: =LOOKUP(M4,Справочники!$B$2:$B$35,Справочники!$C$2:$C$35) -> 12000 | F4: =IF(P4>=5, E4*$F$2, ) -> 1800 | G4: =E4*$G$2 -> 1800 | H4: =E4+F4+G4 -> 15600 | I4: =H4*$I$2 -> 2028 | J4: =H4-I4 -> 13572 | K4: жен | L4: =LOOKUP(M4,Справочники!$B$2:$B$35,Справочники!$A$2:$A$35) -> Бухгалтерия | M4: Бухгалтер | N4: высшее | O4: 38944 | P4: =DATEDIF(O4, TODAY(),"Y") -> 16 | Q4: 30198 | R4: =DATEDIF(Q4, TODAY(),"Y") -> 40 | S4: =LOOKUP(L4,Справочники!$F$2:$F$10,Справочники!$H$2:$H$10) -> +7(8332)64-32-01
A5: 105 | B5: Алеев | C5: Леонид | D5: Иванович | E5: =LOOKUP(M5,Справочники!$B$2:$B$35,Справочники!$C$2:$C$35) -> 17000 | F5: =IF(P5>=5, E5*$F$2, ) -> 2550 | G5: =E5*$G$2 -> 2550 | H5: =E5+F5+G5 -> 22100 | I5: =H5*$I$2 -> 2873 | J5: =H5-I5 -> 19227 | K5: муж | L5: =LOOKUP(M5,Справочники!$B$2:$B$35,Справочники!$A$2:$A$35) -> Бухгалтерия | M5: Зам. гл. бухгалтера | N5: высшее | O5: 41165 | P5: =DATEDIF(O5, TODAY(),"Y") -> 10 | Q5: 31196 | R5: =DATEDIF(Q5, TODAY(),"Y") -> 37 | S5: =LOOKUP(L5,Справочники!$F$2:$F$10,Справочники!$H$2:$H$10) -> +7(8332)64-32-01
A6: 130 | B6: Арбузова | C6: Маргарита | D6: Ивановна | E6: =LOOKUP(M6,Справочники!$B$2:$B$35,Справочники!$C$2:$C$35) -> 15000 | F6: =IF(P6>=5, E6*$F$2, ) -> 2250 | G6: =E6*$G$2 -> 2250 | H6: =E6+F6+G6 -> 19500 | I6: =H6*$I$2 -> 2535 | J6: =H6-I6 -> 16965 | K6: жен | L6: =LOOKUP(M6,Справочники!$B$2:$B$35,Справочники!$A$2:$A$35) -> Управление | M6: Референт | N6: неполное высшее | O6: 42765 | P6: =DATEDIF(O6, TODAY(),"Y") -> 5 | Q6: 34714 | R6: =DATEDIF(Q6, TODAY(),"Y") -> 27 | S6: =LOOKUP(L6,Справочники!$F$2:$F$10,Справочники!$H$2:$H$10) -> +7(8332)64-32-18
A7: 139 | B7: Белозерова | C7: Ольга | D7: Владимировна | E7: =LOOKUP(M7,Справочники!$B$2:$B$35,Справочники!$C$2:$C$35) -> 15000 | F7: =IF(P7>=5, E7*$F$2, ) -> 2250 | G7: =E7*$G$2 -> 2250 | H7: =E7+F7+G7 -> 19500 | I7: =H7*$I$2 -> 2535 | J7: =H7-I7 -> 16965 | K7: жен | L7: =LOOKUP(M7,Справочники!$B$2:$B$35,Справочники!$A$2:$A$35) -> Управление | M7: Референт | N7: среднее специальное | O7: 41697 | P7: =DATEDIF(O7, TODAY(),"Y") -> 8 | Q7: 33022 | R7: =DATEDIF(Q7, TODAY(),"Y") -> 32 | S7: =LOOKUP(L7,Справочники!$F$2:$F$10,Справочники!$H$2:$H$10) -> +7(8332)64-32-18
A8: 107 | B8: Богуславская | C8: Дарья | D8: Вячеславовна | E8: =LOOKUP(M8,Справочники!$B$2:$B$35,Справочники!$C$2:$C$35) -> 15000 | F8: =IF(P8>=5, E8*$F$2, ) -> 2250 | G8: =E8*$G$2 -> 2250 | H8: =E8+F8+G8 -> 19500 | I8: =H8*$I$2 -> 2535 | J8: =H8-I8 -> 16965 | K8: жен | L8: =LOOKUP(M8,Справочники!$B$2:$B$35,Справочники!$A$2:$A$35) -> Управление | M8: Референт | N8: среднее специальное | O8: 39956 | P8: =DATEDIF(O8, TODAY(),"Y") -> 13 | Q8: 30254 | R8: =DATEDIF(Q8, TODAY(),"Y") -> 40 | S8: =LOOKUP(L8,Справочники!$F$2:$F$10,Справочники!$H$2:$H$10) -> +7(8332)64-32-18
A9: 150 | B9: Бычкова | C9: Людмила | D9: Петровна | E9: =LOOKUP(M9,Справочники!$B$2:$B$35,Справочники!$C$2:$C$35) -> 16000 | F9: =IF(P9>=5, E9*$F$2, ) -> 2400 | G9: =E9*$G$2 -> 2400 | H9: =E9+F9+G9 -> 20800 | I9: =H9*$I$2 -> 2704 | J9: =H9-I9 -> 18096 | K9: жен | L9: =LOOKUP(M9,Справочники!$B$2:$B$35,Справочники!$A$2:$A$35) -> Редакторский отдел | M9: Переводчик | N9: высшее | O9: 34714 | P9: =DATEDIF(O9, TODAY(),"Y") -> 27 | Q9: 22250 | R9: =DATEDIF(Q9, TODAY(),"Y") -> 61 | S9: =LOOKUP(L9,Справочники!$F$2:$F$10,Справочники!$H$2:$H$10) -> +7(8332)64-32-01
A10: 109 | B10: Васильев | C10: Леонид | D10: Сергеевич | E10: =LOOKUP(M10,Справочники!$B$2:$B$35,Справочники!$C$2:$C$35) -> 28000 | F10: =IF(P10>=5, E10*$F$2, ) -> 4200 | G10: =E10*$G$2 -> 4200 | H10: =E10+F10+G10 -> 36400 | I10: =H10*$I$2 -> 4732 | J10: =H10-I10 -> 31668 | K10: муж | L10: =LOOKUP(M10,Справочники!$B$2:$B$35,Справочники!$A$2:$A$35) -> Управление | M10: Зам. директора | N10: высшее | O10: 39103 | P10: =DATEDIF(O10, TODAY(),"Y") -> 15 | Q10: 27786 | R10: =DATEDIF(Q10, TODAY(),"Y") -> 46 | S10: =LOOKUP(L10,Справочники!$F$2:$F$10,Справочники!$H$2:$H$10) -> +7(8332)64-32-18
A11: 102 | B11: Вербицкая | C11: Елена | D11: Вадимовна | E11: =LOOKUP(M11,Справочники!$B$2:$B$35,Справочники!$C$2:$C$35) -> 20000 | F11: =IF(P11>=5, E11*$F$2, ) -> 3000 | G11: =E11*$G$2 -> 3000 | H11: =E11+F11+G11 -> 26000 | I11: =H11*$I$2 -> 3380 | J11: =H11-I11 -> 22620 | K11: жен | L11: =LOOKUP(M11,Справочники!$B$2:$B$35,Справочники!$A$2:$A$35) -> Бухгалтерия | M11: Главный бухгалтер | N11: высшее | O11: 34380 | P11: =DATEDIF(O11, TODAY(),"Y") -> 28 | Q11: 25186 | R11: =DATEDIF(Q11, TODAY(),"Y") -> 53 | S11: =LOOKUP(L11,Справочники!$F$2:$F$10,Справочники!$H$2:$H$10) -> +7(8332)64-32-01
A12: 143 | B12: Веселов | C12: Аркадий | D12: Тимофеевич | E12: =LOOKUP(M12,Справочники!$B$2:$B$35,Справочники!$C$2:$C$35) -> 11000 | F12: =IF(P12>=5, E12*$F$2, ) -> 1650 | G12: =E12*$G$2 -> 1650 | H12: =E12+F12+G12 -> 14300 | I12: =H12*$I$2 -> 1859 | J12: =H12-I12 -> 12441 | K12: муж | L12: =LOOKUP(M12,Справочники!$B$2:$B$35,Справочники!$A$2:$A$35) -> Склад | M12: Грузчик | N12: среднее | O12: 42016 | P12: =DATEDIF(O12, TODAY(),"Y") -> 7 | Q12: 30232 | R12: =DATEDIF(Q12, TODAY(),"Y") -> 40 | S12: =LOOKUP(L12,Справочники!$F$2:$F$10,Справочники!$H$2:$H$10) -> +7(8332)64-32-23
A13: 134 | B13: Володина | C13: Валентина | D13: Кириловна | E13: =LOOKUP(M13,Справочники!$B$2:$B$35,Справочники!$C$2:$C$35) -> 20000 | F13: =IF(P13>=5, E13*$F$2, ) -> 3000 | G13: =E13*$G$2 -> 3000 | H13: =E13+F13+G13 -> 26000 | I13: =H13*$I$2 -> 3380 | J13: =H13-I13 -> 22620 | K13: жен | L13: =LOOKUP(M13,Справочники!$B$2:$B$35,Справочники!$A$2:$A$35) -> Технологический отдел | M13: Художник | N13: высшее | O13: 35208 | P13: =DATEDIF(O13, TODAY(),"Y") -> 26 | Q13: 25186 | R13: =DATEDIF(Q13, TODAY(),"Y") -> 53 | S13: =LOOKUP(L13,Справочники!$F$2:$F$10,Справочники!$H$2:$H$10) -> +7(8332)64-32-18
A14: 142 | B14: Георгиева | C14: Ульяна | D14: Сергеевна | E14: =LOOKUP(M14,Справочники!$B$2:$B$35,Справочники!$C$2:$C$35) -> 15000 | F14: =IF(P14>=5, E14*$F$2, ) -> 2250 | G14: =E14*$G$2 -> 2250 | H14: =E14+F14+G14 -> 19500 | I14: =H14*$I$2 -> 2535 | J14: =H14-I14 -> 16965 | K14: жен | L14: =LOOKUP(M14,Справочники!$B$2:$B$35,Справочники!$A$2:$A$35) -> Склад | M14: Кладовщик | N14: среднее | O14: 34955 | P14: =DATEDIF(O14, TODAY(),"Y") -> 27 | Q14: 24134 | R14: =DATEDIF(Q14, TODAY(),"Y") -> 56 | S14: =LOOKUP(L14,Справочники!$F$2:$F$10,Справочники!$H$2:$H$10) -> +7(8332)64-32-23
A15: 114 | B15: Горбачева | C15: Клавдия | D15: Валериевна | E15: =LOOKUP(M15,Справочники!$B$2:$B$35,Справочники!$C$2:$C$35) -> 22000 | F15: =IF(P15>=5, E15*$F$2, ) -> 0 | G15: =E15*$G$2 -> 3300 | H15: =E15+F15+G15 -> 25300 | I15: =H15*$I$2 -> 3289 | J15: =H15-I15 -> 22011 | K15: жен | L15: =LOOKUP(M15,Справочники!$B$2:$B$35,Справочники!$A$2:$A$35) -> Технологический отдел | M15: Главный технолог | N15: высшее | O15: 43356 | P15: =DATEDIF(O15, TODAY(),"Y") -> 4 | Q15: 24300 | R15: =DATEDIF(Q15, TODAY(),"Y") -> 56 | S15: =LOOKUP(L15,Справочники!$F$2:$F$10,Справочники!$H$2:$H$10) -> +7(8332)64-32-18
... A67: 125 | B67: Юматова | C67: Татьяна | D67: Сергеевна | E67: =LOOKUP(M67,Справочники!$B$2:$B$35,Справочники!$C$2:$C$35) -> 12000 | F67: =IF(P67>=5, E67*$F$2, ) -> 1800 | G67: =E67*$G$2 -> 1800 | H67: =E67+F67+G67 -> 15600 | I67: =H67*$I$2 -> 2028 | J67: =H67-I67 -> 13572 | K67: жен | L67: =LOOKUP(M67,Справочники!$B$2:$B$35,Справочники!$A$2:$A$35) -> Технологический отдел | M67: Верстальщик | N67: среднее | O67: 35290 | P67: =DATEDIF(O67, TODAY(),"Y") -> 26 | Q67: 22065 | R67: =DATEDIF(Q67, TODAY(),"Y") -> 62 | S67: =LOOKUP(L67,Справочники!$F$2:$F$10,Справочники!$H$2:$H$10) -> +7(8332)64-32-18
I68: =SUM(I4:I67) -> 174960.5 | J68: =SUM(J4:J67) -> 1170889.5
D69: ИТОГО:
B72: =MAX(J4:J67) -> 39585 | C72: - максимальная сумма к выдаче
B73: =MIN(I4:I67) -> 1644.5 | C73: - минимальный налог
B74: =AVERAGE(E4:E67) -> 16296.875 | C74: - средний оклад
B75: =COUNTIF(F4:F67, ">0") -> 60 | C75: - количество сотрудников, не получающих премию
B76: =SUMIF(F4:F67, ">0", I4:I67) -> 164944 | C76: - суммарный подоходный налог сотрудников, получающих премию
B77: =SUMIFS( E4:E67, F4:F67, "=0", E4:E67, ">15000") -> 44000 | C77: - суммарные оклады сотрудников, не получающих премию, и оклады которых превышают 15 000 руб.

Sheet Декабрь
A1: Ведомость начисления заработной платы | I1: за октябрь 2019 | S1: Рабочий телефон
F2: 0.53759009 | G2: 0.15 | I2: 0.13 | S2: Рабочий телефон
A3: Табельный номер | B3: Фамилия | C3: Имя | D3: Отчество | E3: Оклад | F3: Премия | G3: Районный коэффициент | H3: Начислено | I3: НДФЛ | J3: К выдаче | K3: Пол | L3: Отдел | M3: Должность | N3: Образование | O3: Дата найма | P3: Стаж | Q3: Дата рождения | R3: Возраст | S3: Рабочий телефон
A4: 101 | B4: Айдарпашич | C4: Амина | D4: Александровна | E4: =LOOKUP(M4,Справочники!$B$2:$B$35,Справочники!$C$2:$C$35) -> 12000 | F4: =IF(P4>=5, E4*$F$2, ) -> 6451.0811 | G4: =E4*$G$2 -> 1800 | H4: =E4+F4+G4 -> 20251.081 | I4: =H4*$I$2 -> 2632.6405 | J4: =H4-I4 -> 17618.441 | K4: жен | L4: =LOOKUP(M4,Справочники!$B$2:$B$35,Справочники!$A$2:$A$35) -> Бухгалтерия | M4: Бухгалтер | N4: высшее | O4: 38944 | P4: =DATEDIF(O4, TODAY(),"Y") -> 16 | Q4: 30198 | R4: =DATEDIF(Q4, TODAY(),"Y") -> 40 | S4: =LOOKUP(L4,Справочники!$F$2:$F$10,Справочники!$H$2:$H$10) -> +7(8332)64-32-01
A5: 105 | B5: Алеев | C5: Леонид | D5: Иванович | E5: =LOOKUP(M5,Справочники!$B$2:$B$35,Справочники!$C$2:$C$35) -> 17000 | F5: =IF(P5>=5, E5*$F$2, ) -> 9139.0316 | G5: =E5*$G$2 -> 2550 | H5: =E5+F5+G5 -> 28689.032 | I5: =H5*$I$2 -> 3729.5741 | J5: =H5-I5 -> 24959.457 | K5: муж | L5: =LOOKUP(M5,Справочники!$B$2:$B$35,Справочники!$A$2:$A$35) -> Бухгалтерия | M5: Зам. гл. бухгалтера | N5: высшее | O5: 41165 | P5: =DATEDIF(O5, TODAY(),"Y") -> 10 | Q5: 31196 | R5: =DATEDIF(Q5, TODAY(),"Y") -> 37 | S5: =LOOKUP(L5,Справочники!$F$2:$F$10,Справочники!$H$2:$H$10) -> +7(8332)64-32-01
A6: 130 | B6: Арбузова | C6: Маргарита | D6: Ивановна | E6: =LOOKUP(M6,Справочники!$B$2:$B$35,Справочники!$C$2:$C$35) -> 15000 | F6: =IF(P6>=5, E6*$F$2, ) -> 8063.8514 | G6: =E6*$G$2 -> 2250 | H6: =E6+F6+G6 -> 25313.851 | I6: =H6*$I$2 -> 3290.8007 | J6: =H6-I6 -> 22023.051 | K6: жен | L6: =LOOKUP(M6,Справочники!$B$2:$B$35,Справочники!$A$2:$A$35) -> Управление | M6: Референт | N6: неполное высшее | O6: 42765 | P6: =DATEDIF(O6, TODAY(),"Y") -> 5 | Q6: 34714 | R6: =DATEDIF(Q6, TODAY(),"Y") -> 27 | S6: =LOOKUP(L6,Справочники!$F$2:$F$10,Справочники!$H$2:$H$10) -> +7(8332)64-32-18
A7: 139 | B7: Белозерова | C7: Ольга | D7: Владимировна | E7: =LOOKUP(M7,Справочники!$B$2:$B$35,Справочники!$C$2:$C$35) -> 15000 | F7: =IF(P7>=5, E7*$F$2, ) -> 8063.8514 | G7: =E7*$G$2 -> 2250 | H7: =E7+F7+G7 -> 25313.851 | I7: =H7*$I$2 -> 3290.8007 | J7: =H7-I7 -> 22023.051 | K7: жен | L7: =LOOKUP(M7,Справочники!$B$2:$B$35,Справочники!$A$2:$A$35) -> Управление | M7: Референт | N7: среднее специальное | O7: 41697 | P7: =DATEDIF(O7, TODAY(),"Y") -> 8 | Q7: 33022 | R7: =DATEDIF(Q7, TODAY(),"Y") -> 32 | S7: =LOOKUP(L7,Справочники!$F$2:$F$10,Справочники!$H$2:$H$10) -> +7(8332)64-32-18
A8: 107 | B8: Богуславская | C8: Дарья | D8: Вячеславовна | E8: =LOOKUP(M8,Справочники!$B$2:$B$35,Справочники!$C$2:$C$35) -> 15000 | F8: =IF(P8>=5, E8*$F$2, ) -> 8063.8514 | G8: =E8*$G$2 -> 2250 | H8: =E8+F8+G8 -> 25313.851 | I8: =H8*$I$2 -> 3290.8007 | J8: =H8-I8 -> 22023.051 | K8: жен | L8: =LOOKUP(M8,Справочники!$B$2:$B$35,Справочники!$A$2:$A$35) -> Управление | M8: Референт | N8: среднее специальное | O8: 39956 | P8: =DATEDIF(O8, TODAY(),"Y") -> 13 | Q8: 30254 | R8: =DATEDIF(Q8, TODAY(),"Y") -> 40 | S8: =LOOKUP(L8,Справочники!$F$2:$F$10,Справочники!$H$2:$H$10) -> +7(8332)64-32-18
A9: 150 | B9: Бычкова | C9: Людмила | D9: Петровна | E9: =LOOKUP(M9,Справочники!$B$2:$B$35,Справочники!$C$2:$C$35) -> 16000 | F9: =IF(P9>=5, E9*$F$2, ) -> 8601.4415 | G9: =E9*$G$2 -> 2400 | H9: =E9+F9+G9 -> 27001.441 | I9: =H9*$I$2 -> 3510.1874 | J9: =H9-I9 -> 23491.254 | K9: жен | L9: =LOOKUP(M9,Справочники!$B$2:$B$35,Справочники!$A$2:$A$35) -> Редакторский отдел | M9: Переводчик | N9: высшее | O9: 34714 | P9: =DATEDIF(O9, TODAY(),"Y") -> 27 | Q9: 22250 | R9: =DATEDIF(Q9, TODAY(),"Y") -> 61 | S9: =LOOKUP(L9,Справочники!$F$2:$F$10,Справочники!$H$2:$H$10) -> +7(8332)64-32-01
A10: 109 | B10: Васильев | C10: Леонид | D10: Сергеевич | E10: =LOOKUP(M10,Справочники!$B$2:$B$35,Справочники!$C$2:$C$35) -> 28000 | F10: =IF(P10>=5, E10*$F$2, ) -> 15052.523 | G10: =E10*$G$2 -> 4200 | H10: =E10+F10+G10 -> 47252.523 | I10: =H10*$I$2 -> 6142.8279 | J10: =H10-I10 -> 41109.695 | K10: муж | L10: =LOOKUP(M10,Справочники!$B$2:$B$35,Справочники!$A$2:$A$35) -> Управление | M10: Зам. директора | N10: высшее | O10: 39103 | P10: =DATEDIF(O10, TODAY(),"Y") -> 15 | Q10: 27786 | R10: =DATEDIF(Q10, TODAY(),"Y") -> 46 | S10: =LOOKUP(L10,Справочники!$F$2:$F$10,Справочники!$H$2:$H$10) -> +7(8332)64-32-18
A11: 102 | B11: Вербицкая | C11: Елена | D11: Вадимовна | E11: =LOOKUP(M11,Справочники!$B$2:$B$35,Справочники!$C$2:$C$35) -> 20000 | F11: =IF(P11>=5, E11*$F$2, ) -> 10751.802 | G11: =E11*$G$2 -> 3000 | H11: =E11+F11+G11 -> 33751.802 | I11: =H11*$I$2 -> 4387.7342 | J11: =H11-I11 -> 29364.068 | K11: жен | L11: =LOOKUP(M11,Справочники!$B$2:$B$35,Справочники!$A$2:$A$35) -> Бухгалтерия | M11: Главный бухгалтер | N11: высшее | O11: 34380 | P11: =DATEDIF(O11, TODAY(),"Y") -> 28 | Q11: 25186 | R11: =DATEDIF(Q11, TODAY(),"Y") -> 53 | S11: =LOOKUP(L11,Справочники!$F$2:$F$10,Справочники!$H$2:$H$10) -> +7(8332)64-32-01
A12: 143 | B12: Веселов | C12: Аркадий | D12: Тимофеевич | E12: =LOOKUP(M12,Справочники!$B$2:$B$35,Справочники!$C$2:$C$35) -> 11000 | F12: =IF(P12>=5, E12*$F$2, ) -> 5913.491 | G12: =E12*$G$2 -> 1650 | H12: =E12+F12+G12 -> 18563.491 | I12: =H12*$I$2 -> 2413.2538 | J12: =H12-I12 -> 16150.237 | K12: муж | L12: =LOOKUP(M12,Справочники!$B$2:$B$35,Справочники!$A$2:$A$35) -> Склад | M12: Грузчик | N12: среднее | O12: 42016 | P12: =DATEDIF(O12, TODAY(),"Y") -> 7 | Q12: 30232 | R12: =DATEDIF(Q12, TODAY(),"Y") -> 40 | S12: =LOOKUP(L12,Справочники!$F$2:$F$10,Справочники!$H$2:$H$10) -> +7(8332)64-32-23
A13: 134 | B13: Володина | C13: Валентина | D13: Кириловна | E13: =LOOKUP(M13,Справочники!$B$2:$B$35,Справочники!$C$2:$C$35) -> 20000 | F13: =IF(P13>=5, E13*$F$2, ) -> 10751.802 | G13: =E13*$G$2 -> 3000 | H13: =E13+F13+G13 -> 33751.802 | I13: =H13*$I$2 -> 4387.7342 | J13: =H13-I13 -> 29364.068 | K13: жен | L13: =LOOKUP(M13,Справочники!$B$2:$B$35,Справочники!$A$2:$A$35) -> Технологический отдел | M13: Художник | N13: высшее | O13: 35208 | P13: =DATEDIF(O13, TODAY(),"Y") -> 26 | Q13: 25186 | R13: =DATEDIF(Q13, TODAY(),"Y") -> 53 | S13: =LOOKUP(L13,Справочники!$F$2:$F$10,Справочники!$H$2:$H$10) -> +7(8332)64-32-18
A14: 142 | B14: Георгиева | C14: Ульяна | D14: Сергеевна | E14: =LOOKUP(M14,Справочники!$B$2:$B$35,Справочники!$C$2:$C$35) -> 15000 | F14: =IF(P14>=5, E14*$F$2, ) -> 8063.8514 | G14: =E14*$G$2 -> 2250 | H14: =E14+F14+G14 -> 25313.851 | I14: =H14*$I$2 -> 3290.8007 | J14: =H14-I14 -> 22023.051 | K14: жен | L14: =LOOKUP(M14,Справочники!$B$2:$B$35,Справочники!$A$2:$A$35) -> Склад | M14: Кладовщик | N14: среднее | O14: 34955 | P14: =DATEDIF(O14, TODAY(),"Y") -> 27 | Q14: 24134 | R14: =DATEDIF(Q14, TODAY(),"Y") -> 56 | S14: =LOOKUP(L14,Справочники!$F$2:$F$10,Справочники!$H$2:$H$10) -> +7(8332)64-32-23
A15: 114 | B15: Горбачева | C15: Клавдия | D15: Валериевна | E15: =LOOKUP(M15,Справочники!$B$2:$B$35,Справочники!$C$2:$C$35) -> 22000 | F15: =IF(P15>=5, E15*$F$2, ) -> 0 | G15: =E15*$G$2 -> 3300 | H15: =E15+F15+G15 -> 25300 | I15: =H15*$I$2 -> 3289 | J15: =H15-I15 -> 22011 | K15: жен | L15: =LOOKUP(M15,Справочники!$B$2:$B$35,Справочники!$A$2:$A$35) -> Технологический отдел | M15: Главный технолог | N15: высшее | O15: 43356 | P15: =DATEDIF(O15, TODAY(),"Y") -> 4 | Q15: 24300 | R15: =DATEDIF(Q15, TODAY(),"Y") -> 56 | S15: =LOOKUP(L15,Справочники!$F$2:$F$10,Справочники!$H$2:$H$10) -> +7(8332)64-32-18
... A67: 125 | B67: Юматова | C67: Татьяна | D67: Сергеевна | E67: =LOOKUP(M67,Справочники!$B$2:$B$35,Справочники!$C$2:$C$35) -> 12000 | F67: =IF(P67>=5, E67*$F$2, ) -> 6451.0811 | G67: =E67*$G$2 -> 1800 | H67: =E67+F67+G67 -> 20251.081 | I67: =H67*$I$2 -> 2632.6405 | J67: =H67-I67 -> 17618.441 | K67: жен | L67: =LOOKUP(M67,Справочники!$B$2:$B$35,Справочники!$A$2:$A$35) -> Технологический отдел | M67: Верстальщик | N67: среднее | O67: 35290 | P67: =DATEDIF(O67, TODAY(),"Y") -> 26 | Q67: 22065 | R67: =DATEDIF(Q67, TODAY(),"Y") -> 62 | S67: =LOOKUP(L67,Справочники!$F$2:$F$10,Справочники!$H$2:$H$10) -> +7(8332)64-32-18
I68: =SUM(I4:I67) -> 224137.93 | J68: =SUM(J4:J67) -> 1500000
D69: ИТОГО:
B72: =MAX(J4:J67) -> 51387.118 | C72: - максимальная сумма к выдаче
B73: =MIN(I4:I67) -> 1644.5 | C73: - минимальный налог
B74: =AVERAGE(E4:E67) -> 16296.875 | C74: - средний оклад
B75: =COUNTIF(F4:F67, ">0") -> 60 | C75: - количество сотрудников, не получающих премию
B76: =SUMIF(F4:F67, ">0", I4:I67) -> 214121.43 | C76: - суммарный подоходный налог сотрудников, получающих премию
B77: =SUMIFS( E4:E67, F4:F67, "=0", E4:E67, ">15000") -> 44000 | C77: - суммарные оклады сотрудников, не получающих премию, и оклады которых превышают 15 000 руб.

Sheet 2.1
A1: Табельный номер | B1: Фамилия | C1: Имя | D1: Отчество | E1: Пол | F1: Отдел | G1: Должность | H1: Оклад | I1: Образование | J1: Дата найма | K1: Дата рождения | L1: Стаж | M1: Возраст | N1: Рабочий телефон
A2: 101 | B2: Айдарпашич | C2: Амина | D2: Александровна | E2: жен | F2: =LOOKUP(G2,Справочники!$B$2:$B$35,Справочники!$A$2:$A$35) -> Бухгалтерия | G2: Бухгалтер | H2: =LOOKUP(G2,Справочники!$B$2:$B$35,Справочники!$C$2:$C$35) -> 12000 | I2: высшее | J2: 38944 | K2: 30198 | L2: =DATEDIF(J2, TODAY(),"Y") -> 16 | M2: =DATEDIF(K2, TODAY(),"Y") -> 40 | N2: =LOOKUP(F2,Справочники!$F$2:$F$10,Справочники!$H$2:$H$10) -> +7(8332)64-32-01
A3: 102 | B3: Вербицкая | C3: Елена | D3: Вадимовна | E3: жен | F3: =LOOKUP(G3,Справочники!$B$2:$B$35,Справочники!$A$2:$A$35) -> Бухгалтерия | G3: Главный бухгалтер | H3: =LOOKUP(G3,Справочники!$B$2:$B$35,Справочники!$C$2:$C$35) -> 20000 | I3: высшее | J3: 34380 | K3: 25186 | L3: =DATEDIF(J3, TODAY(),"Y") -> 28 | M3: =DATEDIF(K3, TODAY(),"Y") -> 53 | N3: =LOOKUP(F3,Справочники!$F$2:$F$10,Справочники!$H$2:$H$10) -> +7(8332)64-32-01
A4: 103 | B4: Иванова | C4: Людмила | D4: Петровна | E4: жен | F4: =LOOKUP(G4,Справочники!$B$2:$B$35,Справочники!$A$2:$A$35) -> Бухгалтерия | G4: Кассир | H4: =LOOKUP(G4,Справочники!$B$2:$B$35,Справочники!$C$2:$C$35) -> 12000 | I4: среднее специальное | J4: 42962 | K4: 34762 | L4: =DATEDIF(J4, TODAY(),"Y") -> 5 | M4: =DATEDIF(K4, TODAY(),"Y") -> 27 | N4: =LOOKUP(F4,Справочники!$F$2:$F$10,Справочники!$H$2:$H$10) -> +7(8332)64-32-01
A5: 104 | B5: Лобурец | C5: Диана | D5: Борисовна | E5: жен | F5: =LOOKUP(G5,Справочники!$B$2:$B$35,Справочники!$A$2:$A$35) -> Бухгалтерия | G5: Экономист | H5: =LOOKUP(G5,Справочники!$B$2:$B$35,Справочники!$C$2:$C$35) -> 15000 | I5: высшее | J5: 41530 | K5: 25346 | L5: =DATEDIF(J5, TODAY(),"Y") -> 9 | M5: =DATEDIF(K5, TODAY(),"Y") -> 53 | N5: =LOOKUP(F5,Справочники!$F$2:$F$10,Справочники!$H$2:$H$10) -> +7(8332)64-32-01
A6: 105 | B6: Алеев | C6: Леонид | D6: Иванович | E6: муж | F6: =LOOKUP(G6,Справочники!$B$2:$B$35,Справочники!$A$2:$A$35) -> Бухгалтерия | G6: Зам. гл. бухгалтера | H6: =LOOKUP(G6,Справочники!$B$2:$B$35,Справочники!$C$2:$C$35) -> 17000 | I6: высшее | J6: 41165 | K6: 31196 | L6: =DATEDIF(J6, TODAY(),"Y") -> 10 | M6: =DATEDIF(K6, TODAY(),"Y") -> 37 | N6: =LOOKUP(F6,Справочники!$F$2:$F$10,Справочники!$H$2:$H$10) -> +7(8332)64-32-01
A7: 106 | B7: Левитин | C7: Евгений | D7: Валерьянович | E7: муж | F7: =LOOKUP(G7,Справочники!$B$2:$B$35,Справочники!$A$2:$A$35) -> Бухгалтерия | G7: Бухгалтер | H7: =LOOKUP(G7,Справочники!$B$2:$B$35,Справочники!$C$2:$C$35) -> 12000 | I7: неполное высшее | J7: 42626 | K7: 31062 | L7: =DATEDIF(J7, TODAY(),"Y") -> 6 | M7: =DATEDIF(K7, TODAY(),"Y") -> 37 | N7: =LOOKUP(F7,Справочники!$F$2:$F$10,Справочники!$H$2:$H$10) -> +7(8332)64-32-01
A8: 107 | B8: Богуславская | C8: Дарья | D8: Вячеславовна | E8: жен | F8: =LOOKUP(G8,Справочники!$B$2:$B$35,Справочники!$A$2:$A$35) -> Управление | G8: Референт | H8: =LOOKUP(G8,Справочники!$B$2:$B$35,Справочники!$C$2:$C$35) -> 15000 | I8: среднее специальное | J8: 39956 | K8: 30254 | L8: =DATEDIF(J8, TODAY(),"Y") -> 13 | M8: =DATEDIF(K8, TODAY(),"Y") -> 40 | N8: =LOOKUP(F8,Справочники!$F$2:$F$10,Справочники!$H$2:$H$10) -> +7(8332)64-32-18
A9: 108 | B9: Иванов | C9: Александр | D9: Геннадиевич | E9: муж | F9: =LOOKUP(G9,Справочники!$B$2:$B$35,Справочники!$A$2:$A$35) -> Управление | G9: Директор | H9: =LOOKUP(G9,Справочники!$B$2:$B$35,Справочники!$C$2:$C$35) -> 35000 | I9: высшее | J9: 38579 | K9: 28499 | L9: =DATEDIF(J9, TODAY(),"Y") -> 17 | M9: =DATEDIF(K9, TODAY(),"Y") -> 44 | N9: =LOOKUP(F9,Справочники!$F$2:$F$10,Справочники!$H$2:$H$10) -> +7(8332)64-32-18
A10: 109 | B10: Васильев | C10: Леонид | D10: Сергеевич | E10: муж | F10: =LOOKUP(G10,Справочники!$B$2:$B$35,Справочники!$A$2:$A$35) -> Управление | G10: Зам. директора | H10: =LOOKUP(G10,Справочники!$B$2:$B$35,Справочники!$C$2:$C$35) -> 28000 | I10: высшее | J10: 39103 | K10: 27786 | L10: =DATEDIF(J10, TODAY(),"Y") -> 15 | M10: =DATEDIF(K10, TODAY(),"Y") -> 46 | N10: =LOOKUP(F10,Справочники!$F$2:$F$10,Справочники!$H$2:$H$10) -> +7(8332)64-32-18
A11: 110 | B11: Федотова | C11: Инна | D11: Николаевна | E11: жен | F11: =LOOKUP(G11,Справочники!$B$2:$B$35,Справочники!$A$2:$A$35) -> Управление | G11: Финансовый директор | H11: =LOOKUP(G11,Справочники!$B$2:$B$35,Справочники!$C$2:$C$35) -> 30000 | I11: высшее | J11: 34436 | K11: 26821 | L11: =DATEDIF(J11, TODAY(),"Y") -> 28 | M11: =DATEDIF(K11, TODAY(),"Y") -> 49 | N11: =LOOKUP(F11,Справочники!$F$2:$F$10,Справочники!$H$2:$H$10) -> +7(8332)64-32-18
A12: 111 | B12: Прохорова | C12: Татьяна | D12: Петровна | E12: жен | F12: =LOOKUP(G12,Справочники!$B$2:$B$35,Справочники!$A$2:$A$35) -> Управление | G12: Секретарь | H12: =LOOKUP(G12,Справочники!$B$2:$B$35,Справочники!$C$2:$C$35) -> 15000 | I12: неполное высшее | J12: 42960 | K12: 33207 | L12: =DATEDIF(J12, TODAY(),"Y") -> 5 | M12: =DATEDIF(K12, TODAY(),"Y") -> 31 | N12: =LOOKUP(F12,Справочники!$F$2:$F$10,Справочники!$H$2:$H$10) -> +7(8332)64-32-18
A13: 112 | B13: Максимов | C13: Андрей | D13: Леонидович | E13: муж | F13: =LOOKUP(G13,Справочники!$B$2:$B$35,Справочники!$A$2:$A$35) -> Рекламный отдел | G13: Начальник отдела | H13: =LOOKUP(G13,Справочники!$B$2:$B$35,Справочники!$C$2:$C$35) -> 22000 | I13: высшее | J13: 40966 | K13: 31390 | L13: =DATEDIF(J13, TODAY(),"Y") -> 10 | M13: =DATEDIF(K13, TODAY(),"Y") -> 36 | N13: =LOOKUP(F13,Справочники!$F$2:$F$10,Справочники!$H$2:$H$10) -> +7(8332)64-32-01
... A65: 164 | B65: Толоконникова | C65: Майя | D65: Кириловна | E65: жен | F65: =LOOKUP(G65,Справочники!$B$2:$B$35,Справочники!$A$2:$A$35) -> Транспортный отдел | G65: Диспетчер | H65: =LOOKUP(G65,Справочники!$B$2:$B$35,Справочники!$C$2:$C$35) -> 12000 | I65: среднее | J65: 43438 | K65: 34714 | L65: =DATEDIF(J65, TODAY(),"Y") -> 3 | M65: =DATEDIF(K65, TODAY(),"Y") -> 27 | N65: =LOOKUP(F65,Справочники!$F$2:$F$10,Справочники!$H$2:$H$10) -> +7(8332)64-32-18

Sheet 2.2
A1: Табельный номер | B1: Фамилия | C1: Имя | D1: Отчество | E1: Пол | F1: Отдел | G1: Должность | H1: Оклад | I1: Образование | J1: Дата найма | K1: Дата рождения | L1: Стаж | M1: Возраст | N1: Рабочий телефон
A2: 101 | B2: Айдарпашич | C2: Амина | D2: Александровна | E2: жен | F2: =LOOKUP(G2,Справочники!$B$2:$B$35,Справочники!$A$2:$A$35) -> Бухгалтерия | G2: Бухгалтер | H2: =LOOKUP(G2,Справочники!$B$2:$B$35,Справочники!$C$2:$C$35) -> 12000 | I2: высшее | J2: 38944 | K2: 30198 | L2: =DATEDIF(J2, TODAY(),"Y") -> 16 | M2: =DATEDIF(K2, TODAY(),"Y") -> 40 | N2: =LOOKUP(F2,Справочники!$F$2:$F$10,Справочники!$H$2:$H$10) -> +7(8332)64-32-01
A3: 102 | B3: Вербицкая | C3: Елена | D3: Вадимовна | E3: жен | F3: =LOOKUP(G3,Справочники!$B$2:$B$35,Справочники!$A$2:$A$35) -> Бухгалтерия | G3: Главный бухгалтер | H3: =LOOKUP(G3,Справочники!$B$2:$B$35,Справочники!$C$2:$C$35) -> 20000 | I3: высшее | J3: 34380 | K3: 25186 | L3: =DATEDIF(J3, TODAY(),"Y") -> 28 | M3: =DATEDIF(K3, TODAY(),"Y") -> 53 | N3: =LOOKUP(F3,Справочники!$F$2:$F$10,Справочники!$H$2:$H$10) -> +7(8332)64-32-01
A4: 103 | B4: Иванова | C4: Людмила | D4: Петровна | E4: жен | F4: =LOOKUP(G4,Справочники!$B$2:$B$35,Справочники!$A$2:$A$35) -> Бухгалтерия | G4: Кассир | H4: =LOOKUP(G4,Справочники!$B$2:$B$35,Справочники!$C$2:$C$35) -> 12000 | I4: среднее специальное | J4: 42962 | K4: 34762 | L4: =DATEDIF(J4, TODAY(),"Y") -> 5 | M4: =DATEDIF(K4, TODAY(),"Y") -> 27 | N4: =LOOKUP(F4,Справочники!$F$2:$F$10,Справочники!$H$2:$H$10) -> +7(8332)64-32-01
A5: 104 | B5: Лобурец | C5: Диана | D5: Борисовна | E5: жен | F5: =LOOKUP(G5,Справочники!$B$2:$B$35,Справочники!$A$2:$A$35) -> Бухгалтерия | G5: Экономист | H5: =LOOKUP(G5,Справочники!$B$2:$B$35,Справочники!$C$2:$C$35) -> 15000 | I5: высшее | J5: 41530 | K5: 25346 | L5: =DATEDIF(J5, TODAY(),"Y") -> 9 | M5: =DATEDIF(K5, TODAY(),"Y") -> 53 | N5: =LOOKUP(F5,Справочники!$F$2:$F$10,Справочники!$H$2:$H$10) -> +7(8332)64-32-01
A6: 105 | B6: Алеев | C6: Леонид | D6: Иванович | E6: муж | F6: =LOOKUP(G6,Справочники!$B$2:$B$35,Справочники!$A$2:$A$35) -> Бухгалтерия | G6: Зам. гл. бухгалтера | H6: =LOOKUP(G6,Справочники!$B$2:$B$35,Справочники!$C$2:$C$35) -> 17000 | I6: высшее | J6: 41165 | K6: 31196 | L6: =DATEDIF(J6, TODAY(),"Y") -> 10 | M6: =DATEDIF(K6, TODAY(),"Y") -> 37 | N6: =LOOKUP(F6,Справочники!$F$2:$F$10,Справочники!$H$2:$H$10) -> +7(8332)64-32-01
A7: 106 | B7: Левитин | C7: Евгений | D7: Валерьянович | E7: муж | F7: =LOOKUP(G7,Справочники!$B$2:$B$35,Справочники!$A$2:$A$35) -> Бухгалтерия | G7: Бухгалтер | H7: =LOOKUP(G7,Справочники!$B$2:$B$35,Справочники!$C$2:$C$35) -> 12000 | I7: неполное высшее | J7: 42626 | K7: 31062 | L7: =DATEDIF(J7, TODAY(),"Y") -> 6 | M7: =DATEDIF(K7, TODAY(),"Y") -> 37 | N7: =LOOKUP(F7,Справочники!$F$2:$F$10,Справочники!$H$2:$H$10) -> +7(8332)64-32-01
A8: 107 | B8: Богуславская | C8: Дарья | D8: Вячеславовна | E8: жен | F8: =LOOKUP(G8,Справочники!$B$2:$B$35,Справочники!$A$2:$A$35) -> Управление | G8: Референт | H8: =LOOKUP(G8,Справочники!$B$2:$B$35,Справочники!$C$2:$C$35) -> 15000 | I8: среднее специальное | J8: 39956 | K8: 30254 | L8: =DATEDIF(J8, TODAY(),"Y") -> 13 | M8: =DATEDIF(K8, TODAY(),"Y") -> 40 | N8: =LOOKUP(F8,Справочники!$F$2:$F$10,Справочники!$H$2:$H$10) -> +7(8332)64-32-18
A9: 108 | B9: Иванов | C9: Александр | D9: Геннадиевич | E9: муж | F9: =LOOKUP(G9,Справочники!$B$2:$B$35,Справочники!$A$2:$A$35) -> Управление | G9: Директор | H9: =LOOKUP(G9,Справочники!$B$2:$B$35,Справочники!$C$2:$C$35) -> 35000 | I9: высшее | J9: 38579 | K9: 28499 | L9: =DATEDIF(J9, TODAY(),"Y") -> 17 | M9: =DATEDIF(K9, TODAY(),"Y") -> 44 | N9: =LOOKUP(F9,Справочники!$F$2:$F$10,Справочники!$H$2:$H$10) -> +7(8332)64-32-18
A10: 109 | B10: Васильев | C10: Леонид | D10: Сергеевич | E10: муж | F10: =LOOKUP(G10,Справочники!$B$2:$B$35,Справочники!$A$2:$A$35) -> Управление | G10: Зам. директора | H10: =LOOKUP(G10,Справочники!$B$2:$B$35,Справочники!$C$2:$C$35) -> 28000 | I10: высшее | J10: 39103 | K10: 27786 | L10: =DATEDIF(J10, TODAY(),"Y") -> 15 | M10: =DATEDIF(K10, TODAY(),"Y") -> 46 | N10: =LOOKUP(F10,Справочники!$F$2:$F$10,Справочники!$H$2:$H$10) -> +7(8332)64-32-18
A11: 110 | B11: Федотова | C11: Инна | D11: Николаевна | E11: жен | F11: =LOOKUP(G11,Справочники!$B$2:$B$35,Справочники!$A$2:$A$35) -> Управление | G11: Финансовый директор | H11: =LOOKUP(G11,Справочники!$B$2:$B$35,Справочники!$C$2:$C$35) -> 30000 | I11: высшее | J11: 34436 | K11: 26821 | L11: =DATEDIF(J11, TODAY(),"Y") -> 28 | M11: =DATEDIF(K11, TODAY(),"Y") -> 49 | N11: =LOOKUP(F11,Справочники!$F$2:$F$10,Справочники!$H$2:$H$10) -> +7(8332)64-32-18
A12: 111 | B12: Прохорова | C12: Татьяна | D12: Петровна | E12: жен | F12: =LOOKUP(G12,Справочники!$B$2:$B$35,Справочники!$A$2:$A$35) -> Управление | G12: Секретарь | H12: =LOOKUP(G12,Справочники!$B$2:$B$35,Справочники!$C$2:$C$35) -> 15000 | I12: неполное высшее | J12: 42960 | K12: 33207 | L12: =DATEDIF(J12, TODAY(),"Y") -> 5 | M12: =DATEDIF(K12, TODAY(),"Y") -> 31 | N12: =LOOKUP(F12,Справочники!$F$2:$F$10,Справочники!$H$2:$H$10) -> +7(8332)64-32-18
A13: 112 | B13: Максимов | C13: Андрей | D13: Леонидович | E13: муж | F13: =LOOKUP(G13,Справочники!$B$2:$B$35,Справочники!$A$2:$A$35) -> Рекламный отдел | G13: Начальник отдела | H13: =LOOKUP(G13,Справочники!$B$2:$B$35,Справочники!$C$2:$C$35) -> 22000 | I13: высшее | J13: 40966 | K13: 31390 | L13: =DATEDIF(J13, TODAY(),"Y") -> 10 | M13: =DATEDIF(K13, TODAY(),"Y") -> 36 | N13: =LOOKUP(F13,Справочники!$F$2:$F$10,Справочники!$H$2:$H$10) -> +7(8332)64-32-01
... A65: 164 | B65: Толоконникова | C65: Майя | D65: Кириловна | E65: жен | F65: =LOOKUP(G65,Справочники!$B$2:$B$35,Справочники!$A$2:$A$35) -> Транспортный отдел | G65: Диспетчер | H65: =LOOKUP(G65,Справочники!$B$2:$B$35,Справочники!$C$2:$C$35) -> 12000 | I65: среднее | J65: 43438 | K65: 34714 | L65: =DATEDIF(J65, TODAY(),"Y") -> 3 | M65: =DATEDIF(K65, TODAY(),"Y") -> 27 | N65: =LOOKUP(F65,Справочники!$F$2:$F$10,Справочники!$H$2:$H$10) -> +7(8332)64-32-18

Sheet 2.3
A1: Табельный номер | B1: Фамилия | C1: Имя | D1: Отчество | E1: Пол | F1: Отдел | G1: Должность | H1: Оклад | I1: Образование | J1: Дата найма | K1: Дата рождения | L1: Стаж | M1: Возраст | N1: Рабочий телефон
A2: 101 | B2: Айдарпашич | C2: Амина | D2: Александровна | E2: жен | F2: =LOOKUP(G2,Справочники!$B$2:$B$35,Справочники!$A$2:$A$35) -> Бухгалтерия | G2: Бухгалтер | H2: =LOOKUP(G2,Справочники!$B$2:$B$35,Справочники!$C$2:$C$35) -> 12000 | I2: высшее | J2: 38944 | K2: 30198 | L2: =DATEDIF(J2, TODAY(),"Y") -> 16 | M2: =DATEDIF(K2, TODAY(),"Y") -> 40 | N2: =LOOKUP(F2,Справочники!$F$2:$F$10,Справочники!$H$2:$H$10) -> +7(8332)64-32-01
A3: 102 | B3: Вербицкая | C3: Елена | D3: Вадимовна | E3: жен | F3: =LOOKUP(G3,Справочники!$B$2:$B$35,Справочники!$A$2:$A$35) -> Бухгалтерия | G3: Главный бухгалтер | H3: =LOOKUP(G3,Справочники!$B$2:$B$35,Справочники!$C$2:$C$35) -> 20000 | I3: высшее | J3: 34380 | K3: 25186 | L3: =DATEDIF(J3, TODAY(),"Y") -> 28 | M3: =DATEDIF(K3, TODAY(),"Y") -> 53 | N3: =LOOKUP(F3,Справочники!$F$2:$F$10,Справочники!$H$2:$H$10) -> +7(8332)64-32-01
A4: 103 | B4: Иванова | C4: Людмила | D4: Петровна | E4: жен | F4: =LOOKUP(G4,Справочники!$B$2:$B$35,Справочники!$A$2:$A$35) -> Бухгалтерия | G4: Кассир | H4: =LOOKUP(G4,Справочники!$B$2:$B$35,Справочники!$C$2:$C$35) -> 12000 | I4: среднее специальное | J4: 42962 | K4: 34762 | L4: =DATEDIF(J4, TODAY(),"Y") -> 5 | M4: =DATEDIF(K4, TODAY(),"Y") -> 27 | N4: =LOOKUP(F4,Справочники!$F$2:$F$10,Справочники!$H$2:$H$10) -> +7(8332)64-32-01
A5: 104 | B5: Лобурец | C5: Диана | D5: Борисовна | E5: жен | F5: =LOOKUP(G5,Справочники!$B$2:$B$35,Справочники!$A$2:$A$35) -> Бухгалтерия | G5: Экономист | H5: =LOOKUP(G5,Справочники!$B$2:$B$35,Справочники!$C$2:$C$35) -> 15000 | I5: высшее | J5: 41530 | K5: 25346 | L5: =DATEDIF(J5, TODAY(),"Y") -> 9 | M5: =DATEDIF(K5, TODAY(),"Y") -> 53 | N5: =LOOKUP(F5,Справочники!$F$2:$F$10,Справочники!$H$2:$H$10) -> +7(8332)64-32-01
A6: 105 | B6: Алеев | C6: Леонид | D6: Иванович | E6: муж | F6: =LOOKUP(G6,Справочники!$B$2:$B$35,Справочники!$A$2:$A$35) -> Бухгалтерия | G6: Зам. гл. бухгалтера | H6: =LOOKUP(G6,Справочники!$B$2:$B$35,Справочники!$C$2:$C$35) -> 17000 | I6: высшее | J6: 41165 | K6: 31196 | L6: =DATEDIF(J6, TODAY(),"Y") -> 10 | M6: =DATEDIF(K6, TODAY(),"Y") -> 37 | N6: =LOOKUP(F6,Справочники!$F$2:$F$10,Справочники!$H$2:$H$10) -> +7(8332)64-32-01
A7: 106 | B7: Левитин | C7: Евгений | D7: Валерьянович | E7: муж | F7: =LOOKUP(G7,Справочники!$B$2:$B$35,Справочники!$A$2:$A$35) -> Бухгалтерия | G7: Бухгалтер | H7: =LOOKUP(G7,Справочники!$B$2:$B$35,Справочники!$C$2:$C$35) -> 12000 | I7: неполное высшее | J7: 42626 | K7: 31062 | L7: =DATEDIF(J7, TODAY(),"Y") -> 6 | M7: =DATEDIF(K7, TODAY(),"Y") -> 37 | N7: =LOOKUP(F7,Справочники!$F$2:$F$10,Справочники!$H$2:$H$10) -> +7(8332)64-32-01
A8: 107 | B8: Богуславская | C8: Дарья | D8: Вячеславовна | E8: жен | F8: =LOOKUP(G8,Справочники!$B$2:$B$35,Справочники!$A$2:$A$35) -> Управление | G8: Референт | H8: =LOOKUP(G8,Справочники!$B$2:$B$35,Справочники!$C$2:$C$35) -> 15000 | I8: среднее специальное | J8: 39956 | K8: 30254 | L8: =DATEDIF(J8, TODAY(),"Y") -> 13 | M8: =DATEDIF(K8, TODAY(),"Y") -> 40 | N8: =LOOKUP(F8,Справочники!$F$2:$F$10,Справочники!$H$2:$H$10) -> +7(8332)64-32-18
A9: 108 | B9: Иванов | C9: Александр | D9: Геннадиевич | E9: муж | F9: =LOOKUP(G9,Справочники!$B$2:$B$35,Справочники!$A$2:$A$35) -> Управление | G9: Директор | H9: =LOOKUP(G9,Справочники!$B$2:$B$35,Справочники!$C$2:$C$35) -> 35000 | I9: высшее | J9: 38579 | K9: 28499 | L9: =DATEDIF(J9, TODAY(),"Y") -> 17 | M9: =DATEDIF(K9, TODAY(),"Y") -> 44 | N9: =LOOKUP(F9,Справочники!$F$2:$F$10,Справочники!$H$2:$H$10) -> +7(8332)64-32-18
A10: 109 | B10: Васильев | C10: Леонид | D10: Сергеевич | E10: муж | F10: =LOOKUP(G10,Справочники!$B$2:$B$35,Справочники!$A$2:$A$35) -> Управление | G10: Зам. директора | H10: =LOOKUP(G10,Справочники!$B$2:$B$35,Справочники!$C$2:$C$35) -> 28000 | I10: высшее | J10: 39103 | K10: 27786 | L10: =DATEDIF(J10, TODAY(),"Y") -> 15 | M10: =DATEDIF(K10, TODAY(),"Y") -> 46 | N10: =LOOKUP(F10,Справочники!$F$2:$F$10,Справочники!$H$2:$H$10) -> +7(8332)64-32-18
A11: 110 | B11: Федотова | C11: Инна | D11: Николаевна | E11: жен | F11: =LOOKUP(G11,Справочники!$B$2:$B$35,Справочники!$A$2:$A$35) -> Управление | G11: Финансовый директор | H11: =LOOKUP(G11,Справочники!$B$2:$B$35,Справочники!$C$2:$C$35) -> 30000 | I11: высшее | J11: 34436 | K11: 26821 | L11: =DATEDIF(J11, TODAY(),"Y") -> 28 | M11: =DATEDIF(K11, TODAY(),"Y") -> 49 | N11: =LOOKUP(F11,Справочники!$F$2:$F$10,Справочники!$H$2:$H$10) -> +7(8332)64-32-18
A12: 111 | B12: Прохорова | C12: Татьяна | D12: Петровна | E12: жен | F12: =LOOKUP(G12,Справочники!$B$2:$B$35,Справочники!$A$2:$A$35) -> Управление | G12: Секретарь | H12: =LOOKUP(G12,Справочники!$B$2:$B$35,Справочники!$C$2:$C$35) -> 15000 | I12: неполное высшее | J12: 42960 | K12: 33207 | L12: =DATEDIF(J12, TODAY(),"Y") -> 5 | M12: =DATEDIF(K12, TODAY(),"Y") -> 31 | N12: =LOOKUP(F12,Справочники!$F$2:$F$10,Справочники!$H$2:$H$10) -> +7(8332)64-32-18
A13: 112 | B13: Максимов | C13: Андрей | D13: Леонидович | E13: муж | F13: =LOOKUP(G13,Справочники!$B$2:$B$35,Справочники!$A$2:$A$35) -> Рекламный отдел | G13: Начальник отдела | H13: =LOOKUP(G13,Справочники!$B$2:$B$35,Справочники!$C$2:$C$35) -> 22000 | I13: высшее | J13: 40966 | K13: 31390 | L13: =DATEDIF(J13, TODAY(),"Y") -> 10 | M13: =DATEDIF(K13, TODAY(),"Y") -> 36 | N13: =LOOKUP(F13,Справочники!$F$2:$F$10,Справочники!$H$2:$H$10) -> +7(8332)64-32-01
... A65: 164 | B65: Толоконникова | C65: Майя | D65: Кириловна | E65: жен | F65: =LOOKUP(G65,Справочники!$B$2:$B$35,Справочники!$A$2:$A$35) -> Транспортный отдел | G65: Диспетчер | H65: =LOOKUP(G65,Справочники!$B$2:$B$35,Справочники!$C$2:$C$35) -> 12000 | I65: среднее | J65: 43438 | K65: 34714 | L65: =DATEDIF(J65, TODAY(),"Y") -> 3 | M65: =DATEDIF(K65, TODAY(),"Y") -> 27 | N65: =LOOKUP(F65,Справочники!$F$2:$F$10,Справочники!$H$2:$H$10) -> +7(8332)64-32-18

Sheet 2.4
A1: Табельный номер | B1: Фамилия | C1: Имя | D1: Отчество | E1: Пол | F1: Отдел | G1: Должность | H1: Оклад | I1: Образование | J1: Дата найма | K1: Дата рождения | L1: Стаж | M1: Возраст | N1: Рабочий телефон
H2: <12 000 | I2: среднее
H3: >=15 000 | I3: среднее специальное
A6: Табельный номер | B6: Фамилия | C6: Имя | D6: Отчество | E6: Пол | F6: Отдел | G6: Должность | H6: Оклад | I6: Образование | J6: Дата найма | K6: Дата рождения | L6: Стаж | M6: Возраст | N6: Рабочий телефон
A7: 101 | B7: Айдарпашич | C7: Амина | D7: Александровна | E7: жен | F7: =LOOKUP(G7,Справочники!$B$2:$B$35,Справочники!$A$2:$A$35) -> Бухгалтерия | G7: Бухгалтер | H7: =LOOKUP(G7,Справочники!$B$2:$B$35,Справочники!$C$2:$C$35) -> 12000 | I7: высшее | J7: 38944 | K7: 30198 | L7: =DATEDIF(J7, TODAY(),"Y") -> 16 | M7: =DATEDIF(K7, TODAY(),"Y") -> 40 | N7: =LOOKUP(F7,Справочники!$F$2:$F$10,Справочники!$H$2:$H$10) -> +7(8332)64-32-01
A8: 102 | B8: Вербицкая | C8: Елена | D8: Вадимовна | E8: жен | F8: =LOOKUP(G8,Справочники!$B$2:$B$35,Справочники!$A$2:$A$35) -> Бухгалтерия | G8: Главный бухгалтер | H8: =LOOKUP(G8,Справочники!$B$2:$B$35,Справочники!$C$2:$C$35) -> 20000 | I8: высшее | J8: 34380 | K8: 25186 | L8: =DATEDIF(J8, TODAY(),"Y") -> 28 | M8: =DATEDIF(K8, TODAY(),"Y") -> 53 | N8: =LOOKUP(F8,Справочники!$F$2:$F$10,Справочники!$H$2:$H$10) -> +7(8332)64-32-01
A9: 103 | B9: Иванова | C9: Людмила | D9: Петровна | E9: жен | F9: =LOOKUP(G9,Справочники!$B$2:$B$35,Справочники!$A$2:$A$35) -> Бухгалтерия | G9: Кассир | H9: =LOOKUP(G9,Справочники!$B$2:$B$35,Справочники!$C$2:$C$35) -> 12000 | I9: среднее специальное | J9: 42962 | K9: 34762 | L9: =DATEDIF(J9, TODAY(),"Y") -> 5 | M9: =DATEDIF(K9, TODAY(),"Y") -> 27 | N9: =LOOKUP(F9,Справочники!$F$2:$F$10,Справочники!$H$2:$H$10) -> +7(8332)64-32-01
A10: 104 | B10: Лобурец | C10: Диана | D10: Борисовна | E10: жен | F10: =LOOKUP(G10,Справочники!$B$2:$B$35,Справочники!$A$2:$A$35) -> Бухгалтерия | G10: Экономист | H10: =LOOKUP(G10,Справочники!$B$2:$B$35,Справочники!$C$2:$C$35) -> 15000 | I10: высшее | J10: 41530 | K10: 25346 | L10: =DATEDIF(J10, TODAY(),"Y") -> 9 | M10: =DATEDIF(K10, TODAY(),"Y") -> 53 | N10: =LOOKUP(F10,Справочники!$F$2:$F$10,Справочники!$H$2:$H$10) -> +7(8332)64-32-01
A11: 105 | B11: Алеев | C11: Леонид | D11: Иванович | E11: муж | F11: =LOOKUP(G11,Справочники!$B$2:$B$35,Справочники!$A$2:$A$35) -> Бухгалтерия | G11: Зам. гл. бухгалтера | H11: =LOOKUP(G11,Справочники!$B$2:$B$35,Справочники!$C$2:$C$35) -> 17000 | I11: высшее | J11: 41165 | K11: 31196 | L11: =DATEDIF(J11, TODAY(),"Y") -> 10 | M11: =DATEDIF(K11, TODAY(),"Y") -> 37 | N11: =LOOKUP(F11,Справочники!$F$2:$F$10,Справочники!$H$2:$H$10) -> +7(8332)64-32-01
A12: 106 | B12: Левитин | C12: Евгений | D12: Валерьянович | E12: муж | F12: =LOOKUP(G12,Справочники!$B$2:$B$35,Справочники!$A$2:$A$35) -> Бухгалтерия | G12: Бухгалтер | H12: =LOOKUP(G12,Справочники!$B$2:$B$35,Справочники!$C$2:$C$35) -> 12000 | I12: неполное высшее | J12: 42626 | K12: 31062 | L12: =DATEDIF(J12, TODAY(),"Y") -> 6 | M12: =DATEDIF(K12, TODAY(),"Y") -> 37 | N12: =LOOKUP(F12,Справочники!$F$2:$F$10,Справочники!$H$2:$H$10) -> +7(8332)64-32-01
A13: 107 | B13: Богуславская | C13: Дарья | D13: Вячеславовна | E13: жен | F13: =LOOKUP(G13,Справочники!$B$2:$B$35,Справочники!$A$2:$A$35) -> Управление | G13: Референт | H13: =LOOKUP(G13,Справочники!$B$2:$B$35,Справочники!$C$2:$C$35) -> 15000 | I13: среднее специальное | J13: 39956 | K13: 30254 | L13: =DATEDIF(J13, TODAY(),"Y") -> 13 | M13: =DATEDIF(K13, TODAY(),"Y") -> 40 | N13: =LOOKUP(F13,Справочники!$F$2:$F$10,Справочники!$H$2:$H$10) -> +7(8332)64-32-18
A14: 108 | B14: Иванов | C14: Александр | D14: Геннадиевич | E14: муж | F14: =LOOKUP(G14,Справочники!$B$2:$B$35,Справочники!$A$2:$A$35) -> Управление | G14: Директор | H14: =LOOKUP(G14,Справочники!$B$2:$B$35,Справочники!$C$2:$C$35) -> 35000 | I14: высшее | J14: 38579 | K14: 28499 | L14: =DATEDIF(J14, TODAY(),"Y") -> 17 | M14: =DATEDIF(K14, TODAY(),"Y") -> 44 | N14: =LOOKUP(F14,Справочники!$F$2:$F$10,Справочники!$H$2:$H$10) -> +7(8332)64-32-18
A15: 109 | B15: Васильев | C15: Леонид | D15: Сергеевич | E15: муж | F15: =LOOKUP(G15,Справочники!$B$2:$B$35,Справочники!$A$2:$A$35) -> Управление | G15: Зам. директора | H15: =LOOKUP(G15,Справочники!$B$2:$B$35,Справочники!$C$2:$C$35) -> 28000 | I15: высшее | J15: 39103 | K15: 27786 | L15: =DATEDIF(J15, TODAY(),"Y") -> 15 | M15: =DATEDIF(K15, TODAY(),"Y") -> 46 | N15: =LOOKUP(F15,Справочники!$F$2:$F$10,Справочники!$H$2:$H$10) -> +7(8332)64-32-18
A16: 110 | B16: Федотова | C16: Инна | D16: Николаевна | E16: жен | F16: =LOOKUP(G16,Справочники!$B$2:$B$35,Справочники!$A$2:$A$35) -> Управление | G16: Финансовый директор | H16: =LOOKUP(G16,Справочники!$B$2:$B$35,Справочники!$C$2:$C$35) -> 30000 | I16: высшее | J16: 34436 | K16: 26821 | L16: =DATEDIF(J16, TODAY(),"Y") -> 28 | M16: =DATEDIF(K16, TODAY(),"Y") -> 49 | N16: =LOOKUP(F16,Справочники!$F$2:$F$10,Справочники!$H$2:$H$10) -> +7(8332)64-32-18
A17: 111 | B17: Прохорова | C17: Татьяна | D17: Петровна | E17: жен | F17: =LOOKUP(G17,Справочники!$B$2:$B$35,Справочники!$A$2:$A$35) -> Управление | G17: Секретарь | H17: =LOOKUP(G17,Справочники!$B$2:$B$35,Справочники!$C$2:$C$35) -> 15000 | I17: неполное высшее | J17: 42960 | K17: 33207 | L17: =DATEDIF(J17, TODAY(),"Y") -> 5 | M17: =DATEDIF(K17, TODAY(),"Y") -> 31 | N17: =LOOKUP(F17,Справочники!$F$2:$F$10,Справочники!$H$2:$H$10) -> +7(8332)64-32-18
A18: 112 | B18: Максимов | C18: Андрей | D18: Леонидович | E18: муж | F18: =LOOKUP(G18,Справочники!$B$2:$B$35,Справочники!$A$2:$A$35) -> Рекламный отдел | G18: Начальник отдела | H18: =LOOKUP(G18,Справочники!$B$2:$B$35,Справочники!$C$2:$C$35) -> 22000 | I18: высшее | J18: 40966 | K18: 31390 | L18: =DATEDIF(J18, TODAY(),"Y") -> 10 | M18: =DATEDIF(K18, TODAY(),"Y") -> 36 | N18: =LOOKUP(F18,Справочники!$F$2:$F$10,Справочники!$H$2:$H$10) -> +7(8332)64-32-01
... A70: 164 | B70: Толоконникова | C70: Майя | D70: Кириловна | E70: жен | F70: =LOOKUP(G70,Справочники!$B$2:$B$35,Справочники!$A$2:$A$35) -> Транспортный отдел | G70: Диспетчер | H70: =LOOKUP(G70,Справочники!$B$2:$B$35,Справочники!$C$2:$C$35) -> 12000 | I70: среднее | J70: 43438 | K70: 34714 | L70: =DATEDIF(J70, TODAY(),"Y") -> 3 | M70: =DATEDIF(K70, TODAY(),"Y") -> 27 | N70: =LOOKUP(F70,Справочники!$F$2:$F$10,Справочники!$H$2:$H$10) -> +7(8332)64-32-18

Sheet 2.5
A1: Табельный номер | B1: Фамилия | C1: Имя | D1: Отчество | E1: Пол | F1: Отдел | G1: Должность | H1: Оклад | I1: Образование | J1: Дата найма | K1: Дата рождения | L1: Стаж | M1: Возраст | N1: Рабочий телефон
E2: жен | M2: >=55
E3: муж | M3: >=60
A6: Табельный номер | B6: Фамилия | C6: Имя | D6: Отчество | E6: Пол | F6: Отдел | G6: Должность | H6: Оклад | I6: Образование | J6: Дата найма | K6: Дата рождения | L6: Стаж | M6: Возраст | N6: Рабочий телефон
A7: 101 | B7: Айдарпашич | C7: Амина | D7: Александровна | E7: жен | F7: =LOOKUP(G7,Справочники!$B$2:$B$35,Справочники!$A$2:$A$35) -> Бухгалтерия | G7: Бухгалтер | H7: =LOOKUP(G7,Справочники!$B$2:$B$35,Справочники!$C$2:$C$35) -> 12000 | I7: высшее | J7: 38944 | K7: 30198 | L7: =DATEDIF(J7, TODAY(),"Y") -> 16 | M7: =DATEDIF(K7, TODAY(),"Y") -> 40 | N7: =LOOKUP(F7,Справочники!$F$2:$F$10,Справочники!$H$2:$H$10) -> +7(8332)64-32-01
A8: 102 | B8: Вербицкая | C8: Елена | D8: Вадимовна | E8: жен | F8: =LOOKUP(G8,Справочники!$B$2:$B$35,Справочники!$A$2:$A$35) -> Бухгалтерия | G8: Главный бухгалтер | H8: =LOOKUP(G8,Справочники!$B$2:$B$35,Справочники!$C$2:$C$35) -> 20000 | I8: высшее | J8: 34380 | K8: 25186 | L8: =DATEDIF(J8, TODAY(),"Y") -> 28 | M8: =DATEDIF(K8, TODAY(),"Y") -> 53 | N8: =LOOKUP(F8,Справочники!$F$2:$F$10,Справочники!$H$2:$H$10) -> +7(8332)64-32-01
A9: 103 | B9: Иванова | C9: Людмила | D9: Петровна | E9: жен | F9: =LOOKUP(G9,Справочники!$B$2:$B$35,Справочники!$A$2:$A$35) -> Бухгалтерия | G9: Кассир | H9: =LOOKUP(G9,Справочники!$B$2:$B$35,Справочники!$C$2:$C$35) -> 12000 | I9: среднее специальное | J9: 42962 | K9: 34762 | L9: =DATEDIF(J9, TODAY(),"Y") -> 5 | M9: =DATEDIF(K9, TODAY(),"Y") -> 27 | N9: =LOOKUP(F9,Справочники!$F$2:$F$10,Справочники!$H$2:$H$10) -> +7(8332)64-32-01
A10: 104 | B10: Лобурец | C10: Диана | D10: Борисовна | E10: жен | F10: =LOOKUP(G10,Справочники!$B$2:$B$35,Справочники!$A$2:$A$35) -> Бухгалтерия | G10: Экономист | H10: =LOOKUP(G10,Справочники!$B$2:$B$35,Справочники!$C$2:$C$35) -> 15000 | I10: высшее | J10: 41530 | K10: 25346 | L10: =DATEDIF(J10, TODAY(),"Y") -> 9 | M10: =DATEDIF(K10, TODAY(),"Y") -> 53 | N10: =LOOKUP(F10,Справочники!$F$2:$F$10,Справочники!$H$2:$H$10) -> +7(8332)64-32-01
A11: 105 | B11: Алеев | C11: Леонид | D11: Иванович | E11: муж | F11: =LOOKUP(G11,Справочники!$B$2:$B$35,Справочники!$A$2:$A$35) -> Бухгалтерия | G11: Зам. гл. бухгалтера | H11: =LOOKUP(G11,Справочники!$B$2:$B$35,Справочники!$C$2:$C$35) -> 17000 | I11: высшее | J11: 41165 | K11: 31196 | L11: =DATEDIF(J11, TODAY(),"Y") -> 10 | M11: =DATEDIF(K11, TODAY(),"Y") -> 37 | N11: =LOOKUP(F11,Справочники!$F$2:$F$10,Справочники!$H$2:$H$10) -> +7(8332)64-32-01
A12: 106 | B12: Левитин | C12: Евгений | D12: Валерьянович | E12: муж | F12: =LOOKUP(G12,Справочники!$B$2:$B$35,Справочники!$A$2:$A$35) -> Бухгалтерия | G12: Бухгалтер | H12: =LOOKUP(G12,Справочники!$B$2:$B$35,Справочники!$C$2:$C$35) -> 12000 | I12: неполное высшее | J12: 42626 | K12: 31062 | L12: =DATEDIF(J12, TODAY(),"Y") -> 6 | M12: =DATEDIF(K12, TODAY(),"Y") -> 37 | N12: =LOOKUP(F12,Справочники!$F$2:$F$10,Справочники!$H$2:$H$10) -> +7(8332)64-32-01
A13: 107 | B13: Богуславская | C13: Дарья | D13: Вячеславовна | E13: жен | F13: =LOOKUP(G13,Справочники!$B$2:$B$35,Справочники!$A$2:$A$35) -> Управление | G13: Референт | H13: =LOOKUP(G13,Справочники!$B$2:$B$35,Справочники!$C$2:$C$35) -> 15000 | I13: среднее специальное | J13: 39956 | K13: 30254 | L13: =DATEDIF(J13, TODAY(),"Y") -> 13 | M13: =DATEDIF(K13, TODAY(),"Y") -> 40 | N13: =LOOKUP(F13,Справочники!$F$2:$F$10,Справочники!$H$2:$H$10) -> +7(8332)64-32-18
A14: 108 | B14: Иванов | C14: Александр | D14: Геннадиевич | E14: муж | F14: =LOOKUP(G14,Справочники!$B$2:$B$35,Справочники!$A$2:$A$35) -> Управление | G14: Директор | H14: =LOOKUP(G14,Справочники!$B$2:$B$35,Справочники!$C$2:$C$35) -> 35000 | I14: высшее | J14: 38579 | K14: 28499 | L14: =DATEDIF(J14, TODAY(),"Y") -> 17 | M14: =DATEDIF(K14, TODAY(),"Y") -> 44 | N14: =LOOKUP(F14,Справочники!$F$2:$F$10,Справочники!$H$2:$H$10) -> +7(8332)64-32-18
A15: 109 | B15: Васильев | C15: Леонид | D15: Сергеевич | E15: муж | F15: =LOOKUP(G15,Справочники!$B$2:$B$35,Справочники!$A$2:$A$35) -> Управление | G15: Зам. директора | H15: =LOOKUP(G15,Справочники!$B$2:$B$35,Справочники!$C$2:$C$35) -> 28000 | I15: высшее | J15: 39103 | K15: 27786 | L15: =DATEDIF(J15, TODAY(),"Y") -> 15 | M15: =DATEDIF(K15, TODAY(),"Y") -> 46 | N15: =LOOKUP(F15,Справочники!$F$2:$F$10,Справочники!$H$2:$H$10) -> +7(8332)64-32-18
A16: 110 | B16: Федотова | C16: Инна | D16: Николаевна | E16: жен | F16: =LOOKUP(G16,Справочники!$B$2:$B$35,Справочники!$A$2:$A$35) -> Управление | G16: Финансовый директор | H16: =LOOKUP(G16,Справочники!$B$2:$B$35,Справочники!$C$2:$C$35) -> 30000 | I16: высшее | J16: 34436 | K16: 26821 | L16: =DATEDIF(J16, TODAY(),"Y") -> 28 | M16: =DATEDIF(K16, TODAY(),"Y") -> 49 | N16: =LOOKUP(F16,Справочники!$F$2:$F$10,Справочники!$H$2:$H$10) -> +7(8332)64-32-18
A17: 111 | B17: Прохорова | C17: Татьяна | D17: Петровна | E17: жен | F17: =LOOKUP(G17,Справочники!$B$2:$B$35,Справочники!$A$2:$A$35) -> Управление | G17: Секретарь | H17: =LOOKUP(G17,Справочники!$B$2:$B$35,Справочники!$C$2:$C$35) -> 15000 | I17: неполное высшее | J17: 42960 | K17: 33207 | L17: =DATEDIF(J17, TODAY(),"Y") -> 5 | M17: =DATEDIF(K17, TODAY(),"Y") -> 31 | N17: =LOOKUP(F17,Справочники!$F$2:$F$10,Справочники!$H$2:$H$10) -> +7(8332)64-32-18
A18: 112 | B18: Максимов | C18: Андрей | D18: Леонидович | E18: муж | F18: =LOOKUP(G18,Справочники!$B$2:$B$35,Справочники!$A$2:$A$35) -> Рекламный отдел | G18: Начальник отдела | H18: =LOOKUP(G18,Справочники!$B$2:$B$35,Справочники!$C$2:$C$35) -> 22000 | I18: высшее | J18: 40966 | K18: 31390 | L18: =DATEDIF(J18, TODAY(),"Y") -> 10 | M18: =DATEDIF(K18, TODAY(),"Y") -> 36 | N18: =LOOKUP(F18,Справочники!$F$2:$F$10,Справочники!$H$2:$H$10) -> +7(8332)64-32-01
... A70: 164 | B70: Толоконникова | C70: Майя | D70: Кириловна | E70: жен | F70: =LOOKUP(G70,Справочники!$B$2:$B$35,Справочники!$A$2:$A$35) -> Транспортный отдел | G70: Диспетчер | H70: =LOOKUP(G70,Справочники!$B$2:$B$35,Справочники!$C$2:$C$35) -> 12000 | I70: среднее | J70: 43438 | K70: 34714 | L70: =DATEDIF(J70, TODAY(),"Y") -> 3 | M70: =DATEDIF(K70, TODAY(),"Y") -> 27 | N70: =LOOKUP(F70,Справочники!$F$2:$F$10,Справочники!$H$2:$H$10) -> +7(8332)64-32-18

Sheet 2.6
A1: Табельный номер | B1: Фамилия | C1: Имя | D1: Отчество | E1: Пол | F1: Отдел | G1: Должность | H1: Оклад | I1: Образование | J1: Дата найма | K1: Дата рождения | L1: Стаж | M1: Возраст | N1: Рабочий телефон
G2: Зам.* | I2: высшее
G3: Зам.* | I3: неполное высшее
G4: *специалист* | I4: высшее
G5: *специалист* | I5: неполное высшее
A7: Табельный номер | B7: Фамилия | C7: Имя | D7: Отчество | E7: Пол | F7: Отдел | G7: Должность | H7: Оклад | I7: Образование | J7: Дата найма | K7: Дата рождения | L7: Стаж | M7: Возраст | N7: Рабочий телефон
A8: 101 | B8: Айдарпашич | C8: Амина | D8: Александровна | E8: жен | F8: =LOOKUP(G8,Справочники!$B$2:$B$35,Справочники!$A$2:$A$35) -> Бухгалтерия | G8: Бухгалтер | H8: =LOOKUP(G8,Справочники!$B$2:$B$35,Справочники!$C$2:$C$35) -> 12000 | I8: высшее | J8: 38944 | K8: 30198 | L8: =DATEDIF(J8, TODAY(),"Y") -> 16 | M8: =DATEDIF(K8, TODAY(),"Y") -> 40 | N8: =LOOKUP(F8,Справочники!$F$2:$F$10,Справочники!$H$2:$H$10) -> +7(8332)64-32-01
A9: 102 | B9: Вербицкая | C9: Елена | D9: Вадимовна | E9: жен | F9: =LOOKUP(G9,Справочники!$B$2:$B$35,Справочники!$A$2:$A$35) -> Бухгалтерия | G9: Главный бухгалтер | H9: =LOOKUP(G9,Справочники!$B$2:$B$35,Справочники!$C$2:$C$35) -> 20000 | I9: высшее | J9: 34380 | K9: 25186 | L9: =DATEDIF(J9, TODAY(),"Y") -> 28 | M9: =DATEDIF(K9, TODAY(),"Y") -> 53 | N9: =LOOKUP(F9,Справочники!$F$2:$F$10,Справочники!$H$2:$H$10) -> +7(8332)64-32-01
A10: 103 | B10: Иванова | C10: Людмила | D10: Петровна | E10: жен | F10: =LOOKUP(G10,Справочники!$B$2:$B$35,Справочники!$A$2:$A$35) -> Бухгалтерия | G10: Кассир | H10: =LOOKUP(G10,Справочники!$B$2:$B$35,Справочники!$C$2:$C$35) -> 12000 | I10: среднее специальное | J10: 42962 | K10: 34762 | L10: =DATEDIF(J10, TODAY(),"Y") -> 5 | M10: =DATEDIF(K10, TODAY(),"Y") -> 27 | N10: =LOOKUP(F10,Справочники!$F$2:$F$10,Справочники!$H$2:$H$10) -> +7(8332)64-32-01
A11: 104 | B11: Лобурец | C11: Диана | D11: Борисовна | E11: жен | F11: =LOOKUP(G11,Справочники!$B$2:$B$35,Справочники!$A$2:$A$35) -> Бухгалтерия | G11: Экономист | H11: =LOOKUP(G11,Справочники!$B$2:$B$35,Справочники!$C$2:$C$35) -> 15000 | I11: высшее | J11: 41530 | K11: 25346 | L11: =DATEDIF(J11, TODAY(),"Y") -> 9 | M11: =DATEDIF(K11, TODAY(),"Y") -> 53 | N11: =LOOKUP(F11,Справочники!$F$2:$F$10,Справочники!$H$2:$H$10) -> +7(8332)64-32-01
A12: 105 | B12: Алеев | C12: Леонид | D12: Иванович | E12: муж | F12: =LOOKUP(G12,Справочники!$B$2:$B$35,Справочники!$A$2:$A$35) -> Бухгалтерия | G12: Зам. гл. бухгалтера | H12: =LOOKUP(G12,Справочники!$B$2:$B$35,Справочники!$C$2:$C$35) -> 17000 | I12: высшее | J12: 41165 | K12: 31196 | L12: =DATEDIF(J12, TODAY(),"Y") -> 10 | M12: =DATEDIF(K12, TODAY(),"Y") -> 37 | N12: =LOOKUP(F12,Справочники!$F$2:$F$10,Справочники!$H$2:$H$10) -> +7(8332)64-32-01
A13: 106 | B13: Левитин | C13: Евгений | D13: Валерьянович | E13: муж | F13: =LOOKUP(G13,Справочники!$B$2:$B$35,Справочники!$A$2:$A$35) -> Бухгалтерия | G13: Бухгалтер | H13: =LOOKUP(G13,Справочники!$B$2:$B$35,Справочники!$C$2:$C$35) -> 12000 | I13: неполное высшее | J13: 42626 | K13: 31062 | L13: =DATEDIF(J13, TODAY(),"Y") -> 6 | M13: =DATEDIF(K13, TODAY(),"Y") -> 37 | N13: =LOOKUP(F13,Справочники!$F$2:$F$10,Справочники!$H$2:$H$10) -> +7(8332)64-32-01
A14: 107 | B14: Богуславская | C14: Дарья | D14: Вячеславовна | E14: жен | F14: =LOOKUP(G14,Справочники!$B$2:$B$35,Справочники!$A$2:$A$35) -> Управление | G14: Референт | H14: =LOOKUP(G14,Справочники!$B$2:$B$35,Справочники!$C$2:$C$35) -> 15000 | I14: среднее специальное | J14: 39956 | K14: 30254 | L14: =DATEDIF(J14, TODAY(),"Y") -> 13 | M14: =DATEDIF(K14, TODAY(),"Y") -> 40 | N14: =LOOKUP(F14,Справочники!$F$2:$F$10,Справочники!$H$2:$H$10) -> +7(8332)64-32-18
A15: 108 | B15: Иванов | C15: Александр | D15: Геннадиевич | E15: муж | F15: =LOOKUP(G15,Справочники!$B$2:$B$35,Справочники!$A$2:$A$35) -> Управление | G15: Директор | H15: =LOOKUP(G15,Справочники!$B$2:$B$35,Справочники!$C$2:$C$35) -> 35000 | I15: высшее | J15: 38579 | K15: 28499 | L15: =DATEDIF(J15, TODAY(),"Y") -> 17 | M15: =DATEDIF(K15, TODAY(),"Y") -> 44 | N15: =LOOKUP(F15,Справочники!$F$2:$F$10,Справочники!$H$2:$H$10) -> +7(8332)64-32-18
A16: 109 | B16: Васильев | C16: Леонид | D16: Сергеевич | E16: муж | F16: =LOOKUP(G16,Справочники!$B$2:$B$35,Справочники!$A$2:$A$35) -> Управление | G16: Зам. директора | H16: =LOOKUP(G16,Справочники!$B$2:$B$35,Справочники!$C$2:$C$35) -> 28000 | I16: высшее | J16: 39103 | K16: 27786 | L16: =DATEDIF(J16, TODAY(),"Y") -> 15 | M16: =DATEDIF(K16, TODAY(),"Y") -> 46 | N16: =LOOKUP(F16,Справочники!$F$2:$F$10,Справочники!$H$2:$H$10) -> +7(8332)64-32-18
A17: 110 | B17: Федотова | C17: Инна | D17: Николаевна | E17: жен | F17: =LOOKUP(G17,Справочники!$B$2:$B$35,Справочники!$A$2:$A$35) -> Управление | G17: Финансовый директор | H17: =LOOKUP(G17,Справочники!$B$2:$B$35,Справочники!$C$2:$C$35) -> 30000 | I17: высшее | J17: 34436 | K17: 26821 | L17: =DATEDIF(J17, TODAY(),"Y") -> 28 | M17: =DATEDIF(K17, TODAY(),"Y") -> 49 | N17: =LOOKUP(F17,Справочники!$F$2:$F$10,Справочники!$H$2:$H$10) -> +7(8332)64-32-18
A18: 111 | B18: Прохорова | C18: Татьяна | D18: Петровна | E18: жен | F18: =LOOKUP(G18,Справочники!$B$2:$B$35,Справочники!$A$2:$A$35) -> Управление | G18: Секретарь | H18: =LOOKUP(G18,Справочники!$B$2:$B$35,Справочники!$C$2:$C$35) -> 15000 | I18: неполное высшее | J18: 42960 | K18: 33207 | L18: =DATEDIF(J18, TODAY(),"Y") -> 5 | M18: =DATEDIF(K18, TODAY(),"Y") -> 31 | N18: =LOOKUP(F18,Справочники!$F$2:$F$10,Справочники!$H$2:$H$10) -> +7(8332)64-32-18
A19: 112 | B19: Максимов | C19: Андрей | D19: Леонидович | E19: муж | F19: =LOOKUP(G19,Справочники!$B$2:$B$35,Справочники!$A$2:$A$35) -> Рекламный отдел | G19: Начальник отдела | H19: =LOOKUP(G19,Справочники!$B$2:$B$35,Справочники!$C$2:$C$35) -> 22000 | I19: высшее | J19: 40966 | K19: 31390 | L19: =DATEDIF(J19, TODAY(),"Y") -> 10 | M19: =DATEDIF(K19, TODAY(),"Y") -> 36 | N19: =LOOKUP(F19,Справочники!$F$2:$F$10,Справочники!$H$2:$H$10) -> +7(8332)64-32-01
... A71: 164 | B71: Толоконникова | C71: Майя | D71: Кириловна | E71: жен | F71: =LOOKUP(G71,Справочники!$B$2:$B$35,Справочники!$A$2:$A$35) -> Транспортный отдел | G71: Диспетчер | H71: =LOOKUP(G71,Справочники!$B$2:$B$35,Справочники!$C$2:$C$35) -> 12000 | I71: среднее | J71: 43438 | K71: 34714 | L71: =DATEDIF(J71, TODAY(),"Y") -> 3 | M71: =DATEDIF(K71, TODAY(),"Y") -> 27 | N71: =LOOKUP(F71,Справочники!$F$2:$F$10,Справочники!$H$2:$H$10) -> +7(8332)64-32-18

Sheet 3.1
A1: Табельный номер | B1: Фамилия | C1: Имя | D1: Отчество | E1: Отдел | F1: Количество | G1: Должность | H1: Оклад | I1: Образование | J1: Дата найма | K1: Дата рождения | L1: Стаж | M1: Возраст | N1: Рабочий телефон
A2: 101 | B2: Айдарпашич | C2: Амина | D2: Александровна | E2: жен | F2: =LOOKUP(G2,Справочники!$B$2:$B$35,Справочники!$A$2:$A$35) -> Бухгалтерия | G2: Бухгалтер | H2: =LOOKUP(G2,Справочники!$B$2:$B$35,Справочники!$C$2:$C$35) -> 12000 | I2: высшее | J2: 38944 | K2: 30198 | L2: =DATEDIF(J2, TODAY(),"Y") -> 16 | M2: =DATEDIF(K2, TODAY(),"Y") -> 40 | N2: =LOOKUP(F2,Справочники!$F$2:$F$10,Справочники!$H$2:$H$10) -> +7(8332)64-32-01
A3: 102 | B3: Вербицкая | C3: Елена | D3: Вадимовна | E3: жен | F3: =LOOKUP(G3,Справочники!$B$2:$B$35,Справочники!$A$2:$A$35) -> Бухгалтерия | G3: Главный бухгалтер | H3: =LOOKUP(G3,Справочники!$B$2:$B$35,Справочники!$C$2:$C$35) -> 20000 | I3: высшее | J3: 34380 | K3: 25186 | L3: =DATEDIF(J3, TODAY(),"Y") -> 28 | M3: =DATEDIF(K3, TODAY(),"Y") -> 53 | N3: =LOOKUP(F3,Справочники!$F$2:$F$10,Справочники!$H$2:$H$10) -> +7(8332)64-32-01
A4: 103 | B4: Иванова | C4: Людмила | D4: Петровна | E4: жен | F4: =LOOKUP(G4,Справочники!$B$2:$B$35,Справочники!$A$2:$A$35) -> Бухгалтерия | G4: Кассир | H4: =LOOKUP(G4,Справочники!$B$2:$B$35,Справочники!$C$2:$C$35) -> 12000 | I4: среднее специальное | J4: 42962 | K4: 34762 | L4: =DATEDIF(J4, TODAY(),"Y") -> 5 | M4: =DATEDIF(K4, TODAY(),"Y") -> 27 | N4: =LOOKUP(F4,Справочники!$F$2:$F$10,Справочники!$H$2:$H$10) -> +7(8332)64-32-01
A5: 104 | B5: Лобурец | C5: Диана | D5: Борисовна | E5: жен | F5: =LOOKUP(G5,Справочники!$B$2:$B$35,Справочники!$A$2:$A$35) -> Бухгалтерия | G5: Экономист | H5: =LOOKUP(G5,Справочники!$B$2:$B$35,Справочники!$C$2:$C$35) -> 15000 | I5: высшее | J5: 41530 | K5: 25346 | L5: =DATEDIF(J5, TODAY(),"Y") -> 9 | M5: =DATEDIF(K5, TODAY(),"Y") -> 53 | N5: =LOOKUP(F5,Справочники!$F$2:$F$10,Справочники!$H$2:$H$10) -> +7(8332)64-32-01
A6: 105 | B6: Алеев | C6: Леонид | D6: Иванович | E6: муж | F6: =LOOKUP(G6,Справочники!$B$2:$B$35,Справочники!$A$2:$A$35) -> Бухгалтерия | G6: Зам. гл. бухгалтера | H6: =LOOKUP(G6,Справочники!$B$2:$B$35,Справочники!$C$2:$C$35) -> 17000 | I6: высшее | J6: 41165 | K6: 31196 | L6: =DATEDIF(J6, TODAY(),"Y") -> 10 | M6: =DATEDIF(K6, TODAY(),"Y") -> 37 | N6: =LOOKUP(F6,Справочники!$F$2:$F$10,Справочники!$H$2:$H$10) -> +7(8332)64-32-01
A7: 106 | B7: Левитин | C7: Евгений | D7: Валерьянович | E7: муж | F7: =LOOKUP(G7,Справочники!$B$2:$B$35,Справочники!$A$2:$A$35) -> Бухгалтерия | G7: Бухгалтер | H7: =LOOKUP(G7,Справочники!$B$2:$B$35,Справочники!$C$2:$C$35) -> 12000 | I7: неполное высшее | J7: 42626 | K7: 31062 | L7: =DATEDIF(J7, TODAY(),"Y") -> 6 | M7: =DATEDIF(K7, TODAY(),"Y") -> 37 | N7: =LOOKUP(F7,Справочники!$F$2:$F$10,Справочники!$H$2:$H$10) -> +7(8332)64-32-01
E8: Бухгалтерия Количество | F8: =SUBTOTAL(3,F2:F7) -> 6
A9: 132 | B9: Ильинский | C9: Владимир | D9: Валерьянович | E9: муж | F9: =LOOKUP(G9,Справочники!$B$2:$B$35,Справочники!$A$2:$A$35) -> Отдел продаж | G9: Менеджер | H9: =LOOKUP(G9,Справочники!$B$2:$B$35,Справочники!$C$2:$C$35) -> 15000 | I9: среднее специальное | J9: 41306 | K9: 33115 | L9: =DATEDIF(J9, TODAY(),"Y") -> 9 | M9: =DATEDIF(K9, TODAY(),"Y") -> 32 | N9: =LOOKUP(F9,Справочники!$F$2:$F$10,Справочники!$H$2:$H$10) -> +7(8332)64-32-01
E10: Отдел продаж Количество | F10: =SUBTOTAL(3,F9:F9) -> 1
A11: 138 | B11: Шаталова | C11: Ирина | D11: Игнатьевна | E11: жен | F11: =LOOKUP(G11,Справочники!$B$2:$B$35,Справочники!$A$2:$A$35) -> Отдел худ. оформления | G11: Зам. начальника отдела | H11: =LOOKUP(G11,Справочники!$B$2:$B$35,Справочники!$C$2:$C$35) -> 18000 | I11: высшее | J11: 34380 | K11: 23757 | L11: =DATEDIF(J11, TODAY(),"Y") -> 28 | M11: =DATEDIF(K11, TODAY(),"Y") -> 57 | N11: =LOOKUP(F11,Справочники!$F$2:$F$10,Справочники!$H$2:$H$10) -> +7(8332)64-32-01
A12: 141 | B12: Кожедуб | C12: Станислав | D12: Сергеевич | E12: муж | F12: =LOOKUP(G12,Справочники!$B$2:$B$35,Справочники!$A$2:$A$35) -> Отдел худ. оформления | G12: Зам. начальника отдела | H12: =LOOKUP(G12,Справочники!$B$2:$B$35,Справочники!$C$2:$C$35) -> 18000 | I12: высшее | J12: 35290 | K12: 27405 | L12: =DATEDIF(J12, TODAY(),"Y") -> 26 | M12: =DATEDIF(K12, TODAY(),"Y") -> 47 | N12: =LOOKUP(F12,Справочники!$F$2:$F$10,Справочники!$H$2:$H$10) -> +7(8332)64-32-01
E13: Отдел худ. оформления Количество | F13: =SUBTOTAL(3,F11:F12) -> 2
A14: 150 | B14: Бычкова | C14: Людмила | D14: Петровна | E14: жен | F14: =LOOKUP(G14,Справочники!$B$2:$B$35,Справочники!$A$2:$A$35) -> Редакторский отдел | G14: Переводчик | H14: =LOOKUP(G14,Справочники!$B$2:$B$35,Справочники!$C$2:$C$35) -> 16000 | I14: высшее | J14: 34714 | K14: 22250 | L14: =DATEDIF(J14, TODAY(),"Y") -> 27 | M14: =DATEDIF(K14, TODAY(),"Y") -> 61 | N14: =LOOKUP(F14,Справочники!$F$2:$F$10,Справочники!$H$2:$H$10) -> +7(8332)64-32-01
A15: 151 | B15: Каменская | C15: Светлана | D15: Алексендровна | E15: жен | F15: =LOOKUP(G15,Справочники!$B$2:$B$35,Справочники!$A$2:$A$35) -> Редакторский отдел | G15: Зам. гл. редактора | H15: =LOOKUP(G15,Справочники!$B$2:$B$35,Справочники!$C$2:$C$35) -> 19000 | I15: неполное высшее | J15: 35445 | K15: 26821 | L15: =DATEDIF(J15, TODAY(),"Y") -> 25 | M15: =DATEDIF(K15, TODAY(),"Y") -> 49 | N15: =LOOKUP(F15,Справочники!$F$2:$F$10,Справочники!$H$2:$H$10) -> +7(8332)64-32-01
A16: 152 | B16: Карпухина | C16: Лилия | D16: Петровна | E16: жен | F16: =LOOKUP(G16,Справочники!$B$2:$B$35,Справочники!$A$2:$A$35) -> Редакторский отдел | G16: Редактор | H16: =LOOKUP(G16,Справочники!$B$2:$B$35,Справочники!$C$2:$C$35) -> 14000 | I16: неполное высшее | J16: 40998 | K16: 30213 | L16: =DATEDIF(J16, TODAY(),"Y") -> 10 | M16: =DATEDIF(K16, TODAY(),"Y") -> 40 | N16: =LOOKUP(F16,Справочники!$F$2:$F$10,Справочники!$H$2:$H$10) -> +7(8332)64-32-01
A17: 153 | B17: Корнеева | C17: Ольга | D17: Дмитриевна | E17: жен | F17: =LOOKUP(G17,Справочники!$B$2:$B$35,Справочники!$A$2:$A$35) -> Редакторский отдел | G17: Переводчик | H17: =LOOKUP(G17,Справочники!$B$2:$B$35,Справочники!$C$2:$C$35) -> 16000 | I17: высшее | J17: 36220 | K17: 26580 | L17: =DATEDIF(J17, TODAY(),"Y") -> 23 | M17: =DATEDIF(K17, TODAY(),"Y") -> 50 | N17: =LOOKUP(F17,Справочники!$F$2:$F$10,Справочники!$H$2:$H$10) -> +7(8332)64-32-01
A18: 154 | B18: Красникова | C18: Рита | D18: Андреевна | E18: жен | F18: =LOOKUP(G18,Справочники!$B$2:$B$35,Справочники!$A$2:$A$35) -> Редакторский отдел | G18: Редактор | H18: =LOOKUP(G18,Справочники!$B$2:$B$35,Справочники!$C$2:$C$35) -> 14000 | I18: высшее | J18: 35258 | K18: 21600 | L18: =DATEDIF(J18, TODAY(),"Y") -> 26 | M18: =DATEDIF(K18, TODAY(),"Y") -> 63 | N18: =LOOKUP(F18,Справочники!$F$2:$F$10,Справочники!$H$2:$H$10) -> +7(8332)64-32-01
A19: 155 | B19: Крюкова | C19: Наталья | D19: Тимофеевна | E19: жен | F19: =LOOKUP(G19,Справочники!$B$2:$B$35,Справочники!$A$2:$A$35) -> Редакторский отдел | G19: Корректор | H19: =LOOKUP(G19,Справочники!$B$2:$B$35,Справочники!$C$2:$C$35) -> 14000 | I19: высшее | J19: 35442 | K19: 24134 | L19: =DATEDIF(J19, TODAY(),"Y") -> 25 | M19: =DATEDIF(K19, TODAY(),"Y") -> 56 | N19: =LOOKUP(F19,Справочники!$F$2:$F$10,Справочники!$H$2:$H$10) -> +7(8332)64-32-01
A20: 156 | B20: Мосичева | C20: Ирина | D20: Романовна | E20: жен | F20: =LOOKUP(G20,Справочники!$B$2:$B$35,Справочники!$A$2:$A$35) -> Редакторский отдел | G20: Корректор | H20: =LOOKUP(G20,Справочники!$B$2:$B$35,Справочники!$C$2:$C$35) -> 14000 | I20: неполное высшее | J20: 35460 | K20: 21194 | L20: =DATEDIF(J20, TODAY(),"Y") -> 25 | M20: =DATEDIF(K20, TODAY(),"Y") -> 64 | N20: =LOOKUP(F20,Справочники!$F$2:$F$10,Справочники!$H$2:$H$10) -> +7(8332)64-32-01
A21: 158 | B21: Потемкина | C21: Галина | D21: Владимировна | E21: жен | F21: =LOOKUP(G21,Справочники!$B$2:$B$35,Справочники!$A$2:$A$35) -> Редакторский отдел | G21: Редактор | H21: =LOOKUP(G21,Справочники!$B$2:$B$35,Справочники!$C$2:$C$35) -> 14000 | I21: высшее | J21: 35122 | K21: 23253 | L21: =DATEDIF(J21, TODAY(),"Y") -> 26 | M21: =DATEDIF(K21, TODAY(),"Y") -> 59 | N21: =LOOKUP(F21,Справочники!$F$2:$F$10,Справочники!$H$2:$H$10) -> +7(8332)64-32-01
A22: 159 | B22: Старцева | C22: Ольга | D22: Виталиевна | E22: жен | F22: =LOOKUP(G22,Справочники!$B$2:$B$35,Справочники!$A$2:$A$35) -> Редакторский отдел | G22: Корректор | H22: =LOOKUP(G22,Справочники!$B$2:$B$35,Справочники!$C$2:$C$35) -> 14000 | I22: высшее | J22: 35032 | K22: 22065 | L22: =DATEDIF(J22, TODAY(),"Y") -> 26 | M22: =DATEDIF(K22, TODAY(),"Y") -> 62 | N22: =LOOKUP(F22,Справочники!$F$2:$F$10,Справочники!$H$2:$H$10) -> +7(8332)64-32-01
A23: 160 | B23: Фомина | C23: Анна | D23: Сергеевна | E23: жен | F23: =LOOKUP(G23,Справочники!$B$2:$B$35,Справочники!$A$2:$A$35) -> Редакторский отдел | G23: Корректор | H23: =LOOKUP(G23,Справочники!$B$2:$B$35,Справочники!$C$2:$C$35) -> 14000 | I23: высшее | J23: 42991 | K23: 32936 | L23: =DATEDIF(J23, TODAY(),"Y") -> 5 | M23: =DATEDIF(K23, TODAY(),"Y") -> 32 | N23: =LOOKUP(F23,Справочники!$F$2:$F$10,Справочники!$H$2:$H$10) -> +7(8332)64-32-01
A24: 163 | B24: Силкин | C24: Алексей | D24: Сергеевич | E24: муж | F24: =LOOKUP(G24,Справочники!$B$2:$B$35,Справочники!$A$2:$A$35) -> Редакторский отдел | G24: Главный редактор | H24: =LOOKUP(G24,Справочники!$B$2:$B$35,Справочники!$C$2:$C$35) -> 20000 | I24: высшее | J24: 35153 | K24: 24814 | L24: =DATEDIF(J24, TODAY(),"Y") -> 26 | M24: =DATEDIF(K24, TODAY(),"Y") -> 54 | N24: =LOOKUP(F24,Справочники!$F$2:$F$10,Справочники!$H$2:$H$10) -> +7(8332)64-32-01
E25: Редакторский отдел Количество | F25: =SUBTOTAL(3,F14:F24) -> 11
A26: 112 | B26: Максимов | C26: Андрей | D26: Леонидович | E26: муж | F26: =LOOKUP(G26,Справочники!$B$2:$B$35,Справочники!$A$2:$A$35) -> Рекламный отдел | G26: Начальник отдела | H26: =LOOKUP(G26,Справочники!$B$2:$B$35,Справочники!$C$2:$C$35) -> 22000 | I26: высшее | J26: 40966 | K26: 31390 | L26: =DATEDIF(J26, TODAY(),"Y") -> 10 | M26: =DATEDIF(K26, TODAY(),"Y") -> 36 | N26: =LOOKUP(F26,Справочники!$F$2:$F$10,Справочники!$H$2:$H$10) -> +7(8332)64-32-01
A27: 113 | B27: Черкизова | C27: Татьяна | D27: Владиславовна | E27: жен | F27: =LOOKUP(G27,Справочники!$B$2:$B$35,Справочники!$A$2:$A$35) -> Рекламный отдел | G27: Специалист по маркетингу | H27: =LOOKUP(G27,Справочники!$B$2:$B$35,Справочники!$C$2:$C$35) -> 18000 | I27: высшее | J27: 34788 | K27: 25186 | L27: =DATEDIF(J27, TODAY(),"Y") -> 27 | M27: =DATEDIF(K27, TODAY(),"Y") -> 53 | N27: =LOOKUP(F27,Справочники!$F$2:$F$10,Справочники!$H$2:$H$10) -> +7(8332)64-32-01
A28: 126 | B28: Патычук | C28: Валерий | D28: Леонидович | E28: муж | F28: =LOOKUP(G28,Справочники!$B$2:$B$35,Справочники!$A$2:$A$35) -> Рекламный отдел | G28: Начальник отдела | H28: =LOOKUP(G28,Справочники!$B$2:$B$35,Справочники!$C$2:$C$35) -> 22000 | I28: высшее | J28: 40321 | K28: 30232 | L28: =DATEDIF(J28, TODAY(),"Y") -> 12 | M28: =DATEDIF(K28, TODAY(),"Y") -> 40 | N28: =LOOKUP(F28,Справочники!$F$2:$F$10,Справочники!$H$2:$H$10) -> +7(8332)64-32-01
A29: 128 | B29: Курносов | C29: Александр | D29: Дмитриевич | E29: муж | F29: =LOOKUP(G29,Справочники!$B$2:$B$35,Справочники!$A$2:$A$35) -> Рекламный отдел | G29: Специалист по рекламе | H29: =LOOKUP(G29,Справочники!$B$2:$B$35,Справочники!$C$2:$C$35) -> 18000 | I29: среднее специальное | J29: 42260 | K29: 32292 | L29: =DATEDIF(J29, TODAY(),"Y") -> 7 | M29: =DATEDIF(K29, TODAY(),"Y") -> 34 | N29: =LOOKUP(F29,Справочники!$F$2:$F$10,Справочники!$H$2:$H$10) -> +7(8332)64-32-01
A30: 129 | B30: Урбановский | C30: Константин | D30: Владимирович | E30: муж | F30: =LOOKUP(G30,Справочники!$B$2:$B$35,Справочники!$A$2:$A$35) -> Рекламный отдел | G30: Менеджер | H30: =LOOKUP(G30,Справочники!$B$2:$B$35,Справочники!$C$2:$C$35) -> 15000 | I30: высшее | J30: 41972 | K30: 33851 | L30: =DATEDIF(J30, TODAY(),"Y") -> 7 | M30: =DATEDIF(K30, TODAY(),"Y") -> 30 | N30: =LOOKUP(F30,Справочники!$F$2:$F$10,Справочники!$H$2:$H$10) -> +7(8332)64-32-01
A31: 131 | B31: Конищев | C31: Владимир | D31: Александрович | E31: муж | F31: =LOOKUP(G31,Справочники!$B$2:$B$35,Справочники!$A$2:$A$35) -> Рекламный отдел | G31: Начальник отдела | H31: =LOOKUP(G31,Справочники!$B$2:$B$35,Справочники!$C$2:$C$35) -> 22000 | I31: высшее | J31: 39459 | K31: 27953 | L31: =DATEDIF(J31, TODAY(),"Y") -> 14 | M31: =DATEDIF(K31, TODAY(),"Y") -> 46 | N31: =LOOKUP(F31,Справочники!$F$2:$F$10,Справочники!$H$2:$H$10) -> +7(8332)64-32-01
A32: 133 | B32: Шалашников | C32: Евгений | D32: Петрович | E32: муж | F32: =LOOKUP(G32,Справочники!$B$2:$B$35,Справочники!$A$2:$A$35) -> Рекламный отдел | G32: Менеджер | H32: =LOOKUP(G32,Справочники!$B$2:$B$35,Справочники!$C$2:$C$35) -> 15000 | I32: высшее | J32: 41782 | K32: 33871 | L32: =DATEDIF(J32, TODAY(),"Y") -> 8 | M32: =DATEDIF(K32, TODAY(),"Y") -> 30 | N32: =LOOKUP(F32,Справочники!$F$2:$F$10,Справочники!$H$2:$H$10) -> +7(8332)64-32-01
A33: 136 | B33: Полхова | C33: Мария | D33: Никитична | E33: жен | F33: =LOOKUP(G33,Справочники!$B$2:$B$35,Справочники!$A$2:$A$35) -> Рекламный отдел | G33: Начальник отдела | H33: =LOOKUP(G33,Справочники!$B$2:$B$35,Справочники!$C$2:$C$35) -> 22000 | I33: неполное высшее | J33: 39479 | K33: 27737 | L33: =DATEDIF(J33, TODAY(),"Y") -> 14 | M33: =DATEDIF(K33, TODAY(),"Y") -> 46 | N33: =LOOKUP(F33,Справочники!$F$2:$F$10,Справочники!$H$2:$H$10) -> +7(8332)64-32-01
A34: 140 | B34: Самсонова | C34: Светлана | D34: Андреевна | E34: жен | F34: =LOOKUP(G34,Справочники!$B$2:$B$35,Справочники!$A$2:$A$35) -> Рекламный отдел | G34: Менеджер | H34: =LOOKUP(G34,Справочники!$B$2:$B$35,Справочники!$C$2:$C$35) -> 15000 | I34: неполное высшее | J34: 39641 | K34: 29284 | L34: =DATEDIF(J34, TODAY(),"Y") -> 14 | M34: =DATEDIF(K34, TODAY(),"Y") -> 42 | N34: =LOOKUP(F34,Справочники!$F$2:$F$10,Справочники!$H$2:$H$10) -> +7(8332)64-32-01
A35: 148 | B35: Ферапонтов | C35: Илья | D35: Леонидович | E35: муж | F35: =LOOKUP(G35,Справочники!$B$2:$B$35,Справочники!$A$2:$A$35) -> Рекламный отдел | G35: Начальник отдела | H35: =LOOKUP(G35,Справочники!$B$2:$B$35,Справочники!$C$2:$C$35) -> 22000 | I35: высшее | J35: 43539 | K35: 27737 | L35: =DATEDIF(J35, TODAY(),"Y") -> 3 | M35: =DATEDIF(K35, TODAY(),"Y") -> 46 | N35: =LOOKUP(F35,Справочники!$F$2:$F$10,Справочники!$H$2:$H$10) -> +7(8332)64-32-01
E36: Рекламный отдел Количество | F36: =SUBTOTAL(3,F26:F35) -> 10
A37: 142 | B37: Георгиева | C37: Ульяна | D37: Сергеевна | E37: жен | F37: =LOOKUP(G37,Справочники!$B$2:$B$35,Справочники!$A$2:$A$35) -> Склад | G37: Кладовщик | H37: =LOOKUP(G37,Справочники!$B$2:$B$35,Справочники!$C$2:$C$35) -> 15000 | I37: среднее | J37: 34955 | K37: 24134 | L37: =DATEDIF(J37, TODAY(),"Y") -> 27 | M37: =DATEDIF(K37, TODAY(),"Y") -> 56 | N37: =LOOKUP(F37,Справочники!$F$2:$F$10,Справочники!$H$2:$H$10) -> +7(8332)64-32-23
A38: 143 | B38: Веселов | C38: Аркадий | D38: Тимофеевич | E38: муж | F38: =LOOKUP(G38,Справочники!$B$2:$B$35,Справочники!$A$2:$A$35) -> Склад | G38: Грузчик | H38: =LOOKUP(G38,Справочники!$B$2:$B$35,Справочники!$C$2:$C$35) -> 11000 | I38: среднее | J38: 42016 | K38: 30232 | L38: =DATEDIF(J38, TODAY(),"Y") -> 7 | M38: =DATEDIF(K38, TODAY(),"Y") -> 40 | N38: =LOOKUP(F38,Справочники!$F$2:$F$10,Справочники!$H$2:$H$10) -> +7(8332)64-32-23
A39: 144 | B39: Ильин | C39: Станислав | D39: Алексендрович | E39: муж | F39: =LOOKUP(G39,Справочники!$B$2:$B$35,Справочники!$A$2:$A$35) -> Склад | G39: Грузчик | H39: =LOOKUP(G39,Справочники!$B$2:$B$35,Справочники!$C$2:$C$35) -> 11000 | I39: среднее | J39: 43115 | K39: 33207 | L39: =DATEDIF(J39, TODAY(),"Y") -> 4 | M39: =DATEDIF(K39, TODAY(),"Y") -> 31 | N39: =LOOKUP(F39,Справочники!$F$2:$F$10,Справочники!$H$2:$H$10) -> +7(8332)64-32-23
A40: 145 | B40: Мамуладзе | C40: Сергей | D40: Петрович | E40: муж | F40: =LOOKUP(G40,Справочники!$B$2:$B$35,Справочники!$A$2:$A$35) -> Склад | G40: Начальник склада | H40: =LOOKUP(G40,Справочники!$B$2:$B$35,Справочники!$C$2:$C$35) -> 22000 | I40: неполное высшее | J40: 34788 | K40: 25204 | L40: =DATEDIF(J40, TODAY(),"Y") -> 27 | M40: =DATEDIF(K40, TODAY(),"Y") -> 53 | N40: =LOOKUP(F40,Справочники!$F$2:$F$10,Справочники!$H$2:$H$10) -> +7(8332)64-32-23
A41: 146 | B41: Парамонов | C41: Валерий | D41: Виталиевич | E41: муж | F41: =LOOKUP(G41,Справочники!$B$2:$B$35,Справочники!$A$2:$A$35) -> Склад | G41: Кладовщик | H41: =LOOKUP(G41,Справочники!$B$2:$B$35,Справочники!$C$2:$C$35) -> 15000 | I41: среднее | J41: 35032 | K41: 26821 | L41: =DATEDIF(J41, TODAY(),"Y") -> 26 | M41: =DATEDIF(K41, TODAY(),"Y") -> 49 | N41: =LOOKUP(F41,Справочники!$F$2:$F$10,Справочники!$H$2:$H$10) -> +7(8332)64-32-23
A42: 147 | B42: Сильченко | C42: Савелий | D42: Романович | E42: муж | F42: =LOOKUP(G42,Справочники!$B$2:$B$35,Справочники!$A$2:$A$35) -> Склад | G42: Грузчик | H42: =LOOKUP(G42,Справочники!$B$2:$B$35,Справочники!$C$2:$C$35) -> 11000 | I42: среднее | J42: 42399 | K42: 33858 | L42: =DATEDIF(J42, TODAY(),"Y") -> 6 | M42: =DATEDIF(K42, TODAY(),"Y") -> 30 | N42: =LOOKUP(F42,Справочники!$F$2:$F$10,Справочники!$H$2:$H$10) -> +7(8332)64-32-23
E43: Склад Количество | F43: =SUBTOTAL(3,F37:F42) -> 6
A44: 114 | B44: Горбачева | C44: Клавдия | D44: Валериевна | E44: жен | F44: =LOOKUP(G44,Справочники!$B$2:$B$35,Справочники!$A$2:$A$35) -> Технологический отдел | G44: Главный технолог | H44: =LOOKUP(G44,Справочники!$B$2:$B$35,Справочники!$C$2:$C$35) -> 22000 | I44: высшее | J44: 43356 | K44: 24300 | L44: =DATEDIF(J44, TODAY(),"Y") -> 4 | M44: =DATEDIF(K44, TODAY(),"Y") -> 56 | N44: =LOOKUP(F44,Справочники!$F$2:$F$10,Справочники!$H$2:$H$10) -> +7(8332)64-32-18
A45: 115 | B45: Кипарисова | C45: Ирина | D45: Петровна | E45: жен | F45: =LOOKUP(G45,Справочники!$B$2:$B$35,Справочники!$A$2:$A$35) -> Технологический отдел | G45: Машинистка | H45: =LOOKUP(G45,Справочники!$B$2:$B$35,Справочники!$C$2:$C$35) -> 12000 | I45: среднее специальное | J45: 35096 | K45: 26553 | L45: =DATEDIF(J45, TODAY(),"Y") -> 26 | M45: =DATEDIF(K45, TODAY(),"Y") -> 50 | N45: =LOOKUP(F45,Справочники!$F$2:$F$10,Справочники!$H$2:$H$10) -> +7(8332)64-32-18
A46: 116 | B46: Макарова | C46: Элина | D46: Дмитриевна | E46: жен | F46: =LOOKUP(G46,Справочники!$B$2:$B$35,Справочники!$A$2:$A$35) -> Технологический отдел | G46: Технолог | H46: =LOOKUP(G46,Справочники!$B$2:$B$35,Справочники!$C$2:$C$35) -> 15000 | I46: среднее специальное | J46: 35292 | K46: 25810 | L46: =DATEDIF(J46, TODAY(),"Y") -> 26 | M46: =DATEDIF(K46, TODAY(),"Y") -> 52 | N46: =LOOKUP(F46,Справочники!$F$2:$F$10,Справочники!$H$2:$H$10) -> +7(8332)64-32-18
A47: 117 | B47: Мозговая | C47: Елена | D47: Вячеславовна | E47: жен | F47: =LOOKUP(G47,Справочники!$B$2:$B$35,Справочники!$A$2:$A$35) -> Технологический отдел | G47: Машинистка | H47: =LOOKUP(G47,Справочники!$B$2:$B$35,Справочники!$C$2:$C$35) -> 12000 | I47: среднее | J47: 35445 | K47: 26821 | L47: =DATEDIF(J47, TODAY(),"Y") -> 25 | M47: =DATEDIF(K47, TODAY(),"Y") -> 49 | N47: =LOOKUP(F47,Справочники!$F$2:$F$10,Справочники!$H$2:$H$10) -> +7(8332)64-32-18
A48: 118 | B48: Орлова | C48: Марина | D48: Геннадиевна | E48: жен | F48: =LOOKUP(G48,Справочники!$B$2:$B$35,Справочники!$A$2:$A$35) -> Технологический отдел | G48: Верстальщик | H48: =LOOKUP(G48,Справочники!$B$2:$B$35,Справочники!$C$2:$C$35) -> 12000 | I48: среднее специальное | J48: 36303 | K48: 25641 | L48: =DATEDIF(J48, TODAY(),"Y") -> 23 | M48: =DATEDIF(K48, TODAY(),"Y") -> 52 | N48: =LOOKUP(F48,Справочники!$F$2:$F$10,Справочники!$H$2:$H$10) -> +7(8332)64-32-18
A49: 119 | B49: Савицкая | C49: Александра | D49: Александровна | E49: жен | F49: =LOOKUP(G49,Справочники!$B$2:$B$35,Справочники!$A$2:$A$35) -> Технологический отдел | G49: Ведущий специалист | H49: =LOOKUP(G49,Справочники!$B$2:$B$35,Справочники!$C$2:$C$35) -> 17000 | I49: высшее | J49: 39550 | K49: 28420 | L49: =DATEDIF(J49, TODAY(),"Y") -> 14 | M49: =DATEDIF(K49, TODAY(),"Y") -> 45 | N49: =LOOKUP(F49,Справочники!$F$2:$F$10,Справочники!$H$2:$H$10) -> +7(8332)64-32-18
A50: 120 | B50: Саламатина | C50: Татьяна | D50: Федоровна | E50: жен | F50: =LOOKUP(G50,Справочники!$B$2:$B$35,Справочники!$A$2:$A$35) -> Технологический отдел | G50: Технический корректор | H50: =LOOKUP(G50,Справочники!$B$2:$B$35,Справочники!$C$2:$C$35) -> 14000 | I50: среднее специальное | J50: 35442 | K50: 24134 | L50: =DATEDIF(J50, TODAY(),"Y") -> 25 | M50: =DATEDIF(K50, TODAY(),"Y") -> 56 | N50: =LOOKUP(F50,Справочники!$F$2:$F$10,Справочники!$H$2:$H$10) -> +7(8332)64-32-18
A51: 121 | B51: Сидоренко | C51: Людмила | D51: Борисовна | E51: жен | F51: =LOOKUP(G51,Справочники!$B$2:$B$35,Справочники!$A$2:$A$35) -> Технологический отдел | G51: Технический корректор | H51: =LOOKUP(G51,Справочники!$B$2:$B$35,Справочники!$C$2:$C$35) -> 14000 | I51: среднее специальное | J51: 39845 | K51: 31391 | L51: =DATEDIF(J51, TODAY(),"Y") -> 13 | M51: =DATEDIF(K51, TODAY(),"Y") -> 36 | N51: =LOOKUP(F51,Справочники!$F$2:$F$10,Справочники!$H$2:$H$10) -> +7(8332)64-32-18
A52: 122 | B52: Синицына | C52: Вера | D52: Николаевна | E52: жен | F52: =LOOKUP(G52,Справочники!$B$2:$B$35,Справочники!$A$2:$A$35) -> Технологический отдел | G52: Технический специалист | H52: =LOOKUP(G52,Справочники!$B$2:$B$35,Справочники!$C$2:$C$35) -> 14000 | I52: среднее специальное | J52: 36427 | K52: 24846 | L52: =DATEDIF(J52, TODAY(),"Y") -> 23 | M52: =DATEDIF(K52, TODAY(),"Y") -> 54 | N52: =LOOKUP(F52,Справочники!$F$2:$F$10,Справочники!$H$2:$H$10) -> +7(8332)64-32-18
A53: 123 | B53: Чаповская | C53: Марина | D53: Владиславовна | E53: жен | F53: =LOOKUP(G53,Справочники!$B$2:$B$35,Справочники!$A$2:$A$35) -> Технологический отдел | G53: Верстальщик | H53: =LOOKUP(G53,Справочники!$B$2:$B$35,Справочники!$C$2:$C$35) -> 12000 | I53: высшее | J53: 35290 | K53: 22280 | L53: =DATEDIF(J53, TODAY(),"Y") -> 26 | M53: =DATEDIF(K53, TODAY(),"Y") -> 61 | N53: =LOOKUP(F53,Справочники!$F$2:$F$10,Справочники!$H$2:$H$10) -> +7(8332)64-32-18
A54: 124 | B54: Эль-фалах | C54: Наима | D54: Николаевна | E54: жен | F54: =LOOKUP(G54,Справочники!$B$2:$B$35,Справочники!$A$2:$A$35) -> Технологический отдел | G54: Технолог | H54: =LOOKUP(G54,Справочники!$B$2:$B$35,Справочники!$C$2:$C$35) -> 15000 | I54: среднее | J54: 35451 | K54: 27551 | L54: =DATEDIF(J54, TODAY(),"Y") -> 25 | M54: =DATEDIF(K54, TODAY(),"Y") -> 47 | N54: =LOOKUP(F54,Справочники!$F$2:$F$10,Справочники!$H$2:$H$10) -> +7(8332)64-32-18
A55: 125 | B55: Юматова | C55: Татьяна | D55: Сергеевна | E55: жен | F55: =LOOKUP(G55,Справочники!$B$2:$B$35,Справочники!$A$2:$A$35) -> Технологический отдел | G55: Верстальщик | H55: =LOOKUP(G55,Справочники!$B$2:$B$35,Справочники!$C$2:$C$35) -> 12000 | I55: среднее | J55: 35290 | K55: 22065 | L55: =DATEDIF(J55, TODAY(),"Y") -> 26 | M55: =DATEDIF(K55, TODAY(),"Y") -> 62 | N55: =LOOKUP(F55,Справочники!$F$2:$F$10,Справочники!$H$2:$H$10) -> +7(8332)64-32-18
... A59: 157 | B59: Осокина | C59: Римма | D59: Леонидовна | E59: жен | F59: =LOOKUP(G59,Справочники!$B$2:$B$35,Справочники!$A$2:$A$35) -> Технологический отдел | G59: Машинистка | H59: =LOOKUP(G59,Справочники!$B$2:$B$35,Справочники!$C$2:$C$35) -> 12000 | I59: среднее специальное | J59: 39887 | K59: 30205 | L59: =DATEDIF(J59, TODAY(),"Y") -> 13 | M59: =DATEDIF(K59, TODAY(),"Y") -> 40 | N59: =LOOKUP(F59,Справочники!$F$2:$F$10,Справочники!$H$2:$H$10) -> +7(8332)64-32-18
E60: Технологический отдел Количество | F60: =SUBTOTAL(3,F44:F59) -> 16
A61: 149 | B61: Старшинов | C61: Федор | D61: Дмитриевич | E61: муж | F61: =LOOKUP(G61,Справочники!$B$2:$B$35,Справочники!$A$2:$A$35) -> Транспортный отдел | G61: Водитель | H61: =LOOKUP(G61,Справочники!$B$2:$B$35,Справочники!$C$2:$C$35) -> 12000 | I61: среднее | J61: 34759 | K61: 25186 | L61: =DATEDIF(J61, TODAY(),"Y") -> 27 | M61: =DATEDIF(K61, TODAY(),"Y") -> 53 | N61: =LOOKUP(F61,Справочники!$F$2:$F$10,Справочники!$H$2:$H$10) -> +7(8332)64-32-18
A62: 161 | B62: Канарейкин | C62: Степан | D62: Петрович | E62: муж | F62: =LOOKUP(G62,Справочники!$B$2:$B$35,Справочники!$A$2:$A$35) -> Транспортный отдел | G62: Водитель | H62: =LOOKUP(G62,Справочники!$B$2:$B$35,Справочники!$C$2:$C$35) -> 12000 | I62: среднее специальное | J62: 31108 | K62: 23891 | L62: =DATEDIF(J62, TODAY(),"Y") -> 37 | M62: =DATEDIF(K62, TODAY(),"Y") -> 57 | N62: =LOOKUP(F62,Справочники!$F$2:$F$10,Справочники!$H$2:$H$10) -> +7(8332)64-32-18
A63: 162 | B63: Савченков | C63: Андрей | D63: Николаевич | E63: муж | F63: =LOOKUP(G63,Справочники!$B$2:$B$35,Справочники!$A$2:$A$35) -> Транспортный отдел | G63: Водитель | H63: =LOOKUP(G63,Справочники!$B$2:$B$35,Справочники!$C$2:$C$35) -> 12000 | I63: среднее специальное | J63: 32023 | K63: 22893 | L63: =DATEDIF(J63, TODAY(),"Y") -> 35 | M63: =DATEDIF(K63, TODAY(),"Y") -> 60 | N63: =LOOKUP(F63,Справочники!$F$2:$F$10,Справочники!$H$2:$H$10) -> +7(8332)64-32-18
A64: 164 | B64: Толоконникова | C64: Майя | D64: Кириловна | E64: жен | F64: =LOOKUP(G64,Справочники!$B$2:$B$35,Справочники!$A$2:$A$35) -> Транспортный отдел | G64: Диспетчер | H64: =LOOKUP(G64,Справочники!$B$2:$B$35,Справочники!$C$2:$C$35) -> 12000 | I64: среднее | J64: 43438 | K64: 34714 | L64: =DATEDIF(J64, TODAY(),"Y") -> 3 | M64: =DATEDIF(K64, TODAY(),"Y") -> 27 | N64: =LOOKUP(F64,Справочники!$F$2:$F$10,Справочники!$H$2:$H$10) -> +7(8332)64-32-18
E65: Транспортный отдел Количество | F65: =SUBTOTAL(3,F61:F64) -> 4
A66: 107 | B66: Богуславская | C66: Дарья | D66: Вячеславовна | E66: жен | F66: =LOOKUP(G66,Справочники!$B$2:$B$35,Справочники!$A$2:$A$35) -> Управление | G66: Референт | H66: =LOOKUP(G66,Справочники!$B$2:$B$35,Справочники!$C$2:$C$35) -> 15000 | I66: среднее специальное | J66: 39956 | K66: 30254 | L66: =DATEDIF(J66, TODAY(),"Y") -> 13 | M66: =DATEDIF(K66, TODAY(),"Y") -> 40 | N66: =LOOKUP(F66,Справочники!$F$2:$F$10,Справочники!$H$2:$H$10) -> +7(8332)64-32-18
A67: 108 | B67: Иванов | C67: Александр | D67: Геннадиевич | E67: муж | F67: =LOOKUP(G67,Справочники!$B$2:$B$35,Справочники!$A$2:$A$35) -> Управление | G67: Директор | H67: =LOOKUP(G67,Справочники!$B$2:$B$35,Справочники!$C$2:$C$35) -> 35000 | I67: высшее | J67: 38579 | K67: 28499 | L67: =DATEDIF(J67, TODAY(),"Y") -> 17 | M67: =DATEDIF(K67, TODAY(),"Y") -> 44 | N67: =LOOKUP(F67,Справочники!$F$2:$F$10,Справочники!$H$2:$H$10) -> +7(8332)64-32-18
A68: 109 | B68: Васильев | C68: Леонид | D68: Сергеевич | E68: муж | F68: =LOOKUP(G68,Справочники!$B$2:$B$35,Справочники!$A$2:$A$35) -> Управление | G68: Зам. директора | H68: =LOOKUP(G68,Справочники!$B$2:$B$35,Справочники!$C$2:$C$35) -> 28000 | I68: высшее | J68: 39103 | K68: 27786 | L68: =DATEDIF(J68, TODAY(),"Y") -> 15 | M68: =DATEDIF(K68, TODAY(),"Y") -> 46 | N68: =LOOKUP(F68,Справочники!$F$2:$F$10,Справочники!$H$2:$H$10) -> +7(8332)64-32-18
A69: 110 | B69: Федотова | C69: Инна | D69: Николаевна | E69: жен | F69: =LOOKUP(G69,Справочники!$B$2:$B$35,Справочники!$A$2:$A$35) -> Управление | G69: Финансовый директор | H69: =LOOKUP(G69,Справочники!$B$2:$B$35,Справочники!$C$2:$C$35) -> 30000 | I69: высшее | J69: 34436 | K69: 26821 | L69: =DATEDIF(J69, TODAY(),"Y") -> 28 | M69: =DATEDIF(K69, TODAY(),"Y") -> 49 | N69: =LOOKUP(F69,Справочники!$F$2:$F$10,Справочники!$H$2:$H$10) -> +7(8332)64-32-18
A70: 111 | B70: Прохорова | C70: Татьяна | D70: Петровна | E70: жен | F70: =LOOKUP(G70,Справочники!$B$2:$B$35,Справочники!$A$2:$A$35) -> Управление | G70: Секретарь | H70: =LOOKUP(G70,Справочники!$B$2:$B$35,Справочники!$C$2:$C$35) -> 15000 | I70: неполное высшее | J70: 42960 | K70: 33207 | L70: =DATEDIF(J70, TODAY(),"Y") -> 5 | M70: =DATEDIF(K70, TODAY(),"Y") -> 31 | N70: =LOOKUP(F70,Справочники!$F$2:$F$10,Справочники!$H$2:$H$10) -> +7(8332)64-32-18
A71: 130 | B71: Арбузова | C71: Маргарита | D71: Ивановна | E71: жен | F71: =LOOKUP(G71,Справочники!$B$2:$B$35,Справочники!$A$2:$A$35) -> Управление | G71: Референт | H71: =LOOKUP(G71,Справочники!$B$2:$B$35,Справочники!$C$2:$C$35) -> 15000 | I71: неполное высшее | J71: 42765 | K71: 34714 | L71: =DATEDIF(J71, TODAY(),"Y") -> 5 | M71: =DATEDIF(K71, TODAY(),"Y") -> 27 | N71: =LOOKUP(F71,Справочники!$F$2:$F$10,Справочники!$H$2:$H$10) -> +7(8332)64-32-18
A72: 137 | B72: Царева | C72: Марина | D72: Игоревна | E72: жен | F72: =LOOKUP(G72,Справочники!$B$2:$B$35,Справочники!$A$2:$A$35) -> Управление | G72: Референт | H72: =LOOKUP(G72,Справочники!$B$2:$B$35,Справочники!$C$2:$C$35) -> 15000 | I72: неполное высшее | J72: 42271 | K72: 33851 | L72: =DATEDIF(J72, TODAY(),"Y") -> 7 | M72: =DATEDIF(K72, TODAY(),"Y") -> 30 | N72: =LOOKUP(F72,Справочники!$F$2:$F$10,Справочники!$H$2:$H$10) -> +7(8332)64-32-18
A73: 139 | B73: Белозерова | C73: Ольга | D73: Владимировна | E73: жен | F73: =LOOKUP(G73,Справочники!$B$2:$B$35,Справочники!$A$2:$A$35) -> Управление | G73: Референт | H73: =LOOKUP(G73,Справочники!$B$2:$B$35,Справочники!$C$2:$C$35) -> 15000 | I73: среднее специальное | J73: 41697 | K73: 33022 | L73: =DATEDIF(J73, TODAY(),"Y") -> 8 | M73: =DATEDIF(K73, TODAY(),"Y") -> 32 | N73: =LOOKUP(F73,Справочники!$F$2:$F$10,Справочники!$H$2:$H$10) -> +7(8332)64-32-18
E74: Управление Количество | F74: =SUBTOTAL(3,F66:F73) -> 8
E75: Общее количество | F75: =SUBTOTAL(3,F2:F73) -> 64

Sheet 3.2
A1: Табельный номер | B1: Фамилия | C1: Имя | D1: Отчество | E1: Пол | F1: Отдел | G1: Должность | H1: Оклад | I1: Образование | J1: Дата найма | K1: Дата рождения | L1: Стаж | M1: Возраст | N1: Рабочий телефон
A2: 164 | B2: Толоконникова | C2: Майя | D2: Кириловна | E2: жен | F2: =LOOKUP(G2,Справочники!$B$2:$B$35,Справочники!$A$2:$A$35) -> Транспортный отдел | G2: Диспетчер | H2: =LOOKUP(G2,Справочники!$B$2:$B$35,Справочники!$C$2:$C$35) -> 12000 | I2: среднее | J2: 43438 | K2: 34714 | L2: =DATEDIF(J2, TODAY(),"Y") -> 3 | M2: =DATEDIF(K2, TODAY(),"Y") -> 27 | N2: =LOOKUP(F2,Справочники!$F$2:$F$10,Справочники!$H$2:$H$10) -> +7(8332)64-32-18
A3: 114 | B3: Горбачева | C3: Клавдия | D3: Валериевна | E3: жен | F3: =LOOKUP(G3,Справочники!$B$2:$B$35,Справочники!$A$2:$A$35) -> Технологический отдел | G3: Главный технолог | H3: =LOOKUP(G3,Справочники!$B$2:$B$35,Справочники!$C$2:$C$35) -> 22000 | I3: высшее | J3: 43356 | K3: 24300 | L3: =DATEDIF(J3, TODAY(),"Y") -> 4 | M3: =DATEDIF(K3, TODAY(),"Y") -> 56 | N3: =LOOKUP(F3,Справочники!$F$2:$F$10,Справочники!$H$2:$H$10) -> +7(8332)64-32-18
A4: 103 | B4: Иванова | C4: Людмила | D4: Петровна | E4: жен | F4: =LOOKUP(G4,Справочники!$B$2:$B$35,Справочники!$A$2:$A$35) -> Бухгалтерия | G4: Кассир | H4: =LOOKUP(G4,Справочники!$B$2:$B$35,Справочники!$C$2:$C$35) -> 12000 | I4: среднее специальное | J4: 42962 | K4: 34762 | L4: =DATEDIF(J4, TODAY(),"Y") -> 5 | M4: =DATEDIF(K4, TODAY(),"Y") -> 27 | N4: =LOOKUP(F4,Справочники!$F$2:$F$10,Справочники!$H$2:$H$10) -> +7(8332)64-32-01
A5: 130 | B5: Арбузова | C5: Маргарита | D5: Ивановна | E5: жен | F5: =LOOKUP(G5,Справочники!$B$2:$B$35,Справочники!$A$2:$A$35) -> Управление | G5: Референт | H5: =LOOKUP(G5,Справочники!$B$2:$B$35,Справочники!$C$2:$C$35) -> 15000 | I5: неполное высшее | J5: 42765 | K5: 34714 | L5: =DATEDIF(J5, TODAY(),"Y") -> 5 | M5: =DATEDIF(K5, TODAY(),"Y") -> 27 | N5: =LOOKUP(F5,Справочники!$F$2:$F$10,Справочники!$H$2:$H$10) -> +7(8332)64-32-18
A6: 111 | B6: Прохорова | C6: Татьяна | D6: Петровна | E6: жен | F6: =LOOKUP(G6,Справочники!$B$2:$B$35,Справочники!$A$2:$A$35) -> Управление | G6: Секретарь | H6: =LOOKUP(G6,Справочники!$B$2:$B$35,Справочники!$C$2:$C$35) -> 15000 | I6: неполное высшее | J6: 42960 | K6: 33207 | L6: =DATEDIF(J6, TODAY(),"Y") -> 5 | M6: =DATEDIF(K6, TODAY(),"Y") -> 31 | N6: =LOOKUP(F6,Справочники!$F$2:$F$10,Справочники!$H$2:$H$10) -> +7(8332)64-32-18
A7: 160 | B7: Фомина | C7: Анна | D7: Сергеевна | E7: жен | F7: =LOOKUP(G7,Справочники!$B$2:$B$35,Справочники!$A$2:$A$35) -> Редакторский отдел | G7: Корректор | H7: =LOOKUP(G7,Справочники!$B$2:$B$35,Справочники!$C$2:$C$35) -> 14000 | I7: высшее | J7: 42991 | K7: 32936 | L7: =DATEDIF(J7, TODAY(),"Y") -> 5 | M7: =DATEDIF(K7, TODAY(),"Y") -> 32 | N7: =LOOKUP(F7,Справочники!$F$2:$F$10,Справочники!$H$2:$H$10) -> +7(8332)64-32-01
A8: 137 | B8: Царева | C8: Марина | D8: Игоревна | E8: жен | F8: =LOOKUP(G8,Справочники!$B$2:$B$35,Справочники!$A$2:$A$35) -> Управление | G8: Референт | H8: =LOOKUP(G8,Справочники!$B$2:$B$35,Справочники!$C$2:$C$35) -> 15000 | I8: неполное высшее | J8: 42271 | K8: 33851 | L8: =DATEDIF(J8, TODAY(),"Y") -> 7 | M8: =DATEDIF(K8, TODAY(),"Y") -> 30 | N8: =LOOKUP(F8,Справочники!$F$2:$F$10,Справочники!$H$2:$H$10) -> +7(8332)64-32-18
A9: 139 | B9: Белозерова | C9: Ольга | D9: Владимировна | E9: жен | F9: =LOOKUP(G9,Справочники!$B$2:$B$35,Справочники!$A$2:$A$35) -> Управление | G9: Референт | H9: =LOOKUP(G9,Справочники!$B$2:$B$35,Справочники!$C$2:$C$35) -> 15000 | I9: среднее специальное | J9: 41697 | K9: 33022 | L9: =DATEDIF(J9, TODAY(),"Y") -> 8 | M9: =DATEDIF(K9, TODAY(),"Y") -> 32 | N9: =LOOKUP(F9,Справочники!$F$2:$F$10,Справочники!$H$2:$H$10) -> +7(8332)64-32-18
A10: 104 | B10: Лобурец | C10: Диана | D10: Борисовна | E10: жен | F10: =LOOKUP(G10,Справочники!$B$2:$B$35,Справочники!$A$2:$A$35) -> Бухгалтерия | G10: Экономист | H10: =LOOKUP(G10,Справочники!$B$2:$B$35,Справочники!$C$2:$C$35) -> 15000 | I10: высшее | J10: 41530 | K10: 25346 | L10: =DATEDIF(J10, TODAY(),"Y") -> 9 | M10: =DATEDIF(K10, TODAY(),"Y") -> 53 | N10: =LOOKUP(F10,Справочники!$F$2:$F$10,Справочники!$H$2:$H$10) -> +7(8332)64-32-01
A11: 152 | B11: Карпухина | C11: Лилия | D11: Петровна | E11: жен | F11: =LOOKUP(G11,Справочники!$B$2:$B$35,Справочники!$A$2:$A$35) -> Редакторский отдел | G11: Редактор | H11: =LOOKUP(G11,Справочники!$B$2:$B$35,Справочники!$C$2:$C$35) -> 14000 | I11: неполное высшее | J11: 40998 | K11: 30213 | L11: =DATEDIF(J11, TODAY(),"Y") -> 10 | M11: =DATEDIF(K11, TODAY(),"Y") -> 40 | N11: =LOOKUP(F11,Справочники!$F$2:$F$10,Справочники!$H$2:$H$10) -> +7(8332)64-32-01
A12: 121 | B12: Сидоренко | C12: Людмила | D12: Борисовна | E12: жен | F12: =LOOKUP(G12,Справочники!$B$2:$B$35,Справочники!$A$2:$A$35) -> Технологический отдел | G12: Технический корректор | H12: =LOOKUP(G12,Справочники!$B$2:$B$35,Справочники!$C$2:$C$35) -> 14000 | I12: среднее специальное | J12: 39845 | K12: 31391 | L12: =DATEDIF(J12, TODAY(),"Y") -> 13 | M12: =DATEDIF(K12, TODAY(),"Y") -> 36 | N12: =LOOKUP(F12,Справочники!$F$2:$F$10,Справочники!$H$2:$H$10) -> +7(8332)64-32-18
A13: 107 | B13: Богуславская | C13: Дарья | D13: Вячеславовна | E13: жен | F13: =LOOKUP(G13,Справочники!$B$2:$B$35,Справочники!$A$2:$A$35) -> Управление | G13: Референт | H13: =LOOKUP(G13,Справочники!$B$2:$B$35,Справочники!$C$2:$C$35) -> 15000 | I13: среднее специальное | J13: 39956 | K13: 30254 | L13: =DATEDIF(J13, TODAY(),"Y") -> 13 | M13: =DATEDIF(K13, TODAY(),"Y") -> 40 | N13: =LOOKUP(F13,Справочники!$F$2:$F$10,Справочники!$H$2:$H$10) -> +7(8332)64-32-18
... A42: 138 | B42: Шаталова | C42: Ирина | D42: Игнатьевна | E42: жен | F42: =LOOKUP(G42,Справочники!$B$2:$B$35,Справочники!$A$2:$A$35) -> Отдел худ. оформления | G42: Зам. начальника отдела | H42: =LOOKUP(G42,Справочники!$B$2:$B$35,Справочники!$C$2:$C$35) -> 18000 | I42: высшее | J42: 34380 | K42: 23757 | L42: =DATEDIF(J42, TODAY(),"Y") -> 28 | M42: =DATEDIF(K42, TODAY(),"Y") -> 57 | N42: =LOOKUP(F42,Справочники!$F$2:$F$10,Справочники!$H$2:$H$10) -> +7(8332)64-32-01
E43: жен Среднее | L43: =SUBTOTAL(1,L2:L42) -> 18.926829 | M43: =SUBTOTAL(1,M2:M42) -> 48.02439
A44: 148 | B44: Ферапонтов | C44: Илья | D44: Леонидович | E44: муж | F44: =LOOKUP(G44,Справочники!$B$2:$B$35,Справочники!$A$2:$A$35) -> Рекламный отдел | G44: Начальник отдела | H44: =LOOKUP(G44,Справочники!$B$2:$B$35,Справочники!$C$2:$C$35) -> 22000 | I44: высшее | J44: 43539 | K44: 27737 | L44: =DATEDIF(J44, TODAY(),"Y") -> 3 | M44: =DATEDIF(K44, TODAY(),"Y") -> 46 | N44: =LOOKUP(F44,Справочники!$F$2:$F$10,Справочники!$H$2:$H$10) -> +7(8332)64-32-01
A45: 144 | B45: Ильин | C45: Станислав | D45: Алексендрович | E45: муж | F45: =LOOKUP(G45,Справочники!$B$2:$B$35,Справочники!$A$2:$A$35) -> Склад | G45: Грузчик | H45: =LOOKUP(G45,Справочники!$B$2:$B$35,Справочники!$C$2:$C$35) -> 11000 | I45: среднее | J45: 43115 | K45: 33207 | L45: =DATEDIF(J45, TODAY(),"Y") -> 4 | M45: =DATEDIF(K45, TODAY(),"Y") -> 31 | N45: =LOOKUP(F45,Справочники!$F$2:$F$10,Справочники!$H$2:$H$10) -> +7(8332)64-32-23
A46: 147 | B46: Сильченко | C46: Савелий | D46: Романович | E46: муж | F46: =LOOKUP(G46,Справочники!$B$2:$B$35,Справочники!$A$2:$A$35) -> Склад | G46: Грузчик | H46: =LOOKUP(G46,Справочники!$B$2:$B$35,Справочники!$C$2:$C$35) -> 11000 | I46: среднее | J46: 42399 | K46: 33858 | L46: =DATEDIF(J46, TODAY(),"Y") -> 6 | M46: =DATEDIF(K46, TODAY(),"Y") -> 30 | N46: =LOOKUP(F46,Справочники!$F$2:$F$10,Справочники!$H$2:$H$10) -> +7(8332)64-32-23
A47: 106 | B47: Левитин | C47: Евгений | D47: Валерьянович | E47: муж | F47: =LOOKUP(G47,Справочники!$B$2:$B$35,Справочники!$A$2:$A$35) -> Бухгалтерия | G47: Бухгалтер | H47: =LOOKUP(G47,Справочники!$B$2:$B$35,Справочники!$C$2:$C$35) -> 12000 | I47: неполное высшее | J47: 42626 | K47: 31062 | L47: =DATEDIF(J47, TODAY(),"Y") -> 6 | M47: =DATEDIF(K47, TODAY(),"Y") -> 37 | N47: =LOOKUP(F47,Справочники!$F$2:$F$10,Справочники!$H$2:$H$10) -> +7(8332)64-32-01
A48: 129 | B48: Урбановский | C48: Константин | D48: Владимирович | E48: муж | F48: =LOOKUP(G48,Справочники!$B$2:$B$35,Справочники!$A$2:$A$35) -> Рекламный отдел | G48: Менеджер | H48: =LOOKUP(G48,Справочники!$B$2:$B$35,Справочники!$C$2:$C$35) -> 15000 | I48: высшее | J48: 41972 | K48: 33851 | L48: =DATEDIF(J48, TODAY(),"Y") -> 7 | M48: =DATEDIF(K48, TODAY(),"Y") -> 30 | N48: =LOOKUP(F48,Справочники!$F$2:$F$10,Справочники!$H$2:$H$10) -> +7(8332)64-32-01
A49: 128 | B49: Курносов | C49: Александр | D49: Дмитриевич | E49: муж | F49: =LOOKUP(G49,Справочники!$B$2:$B$35,Справочники!$A$2:$A$35) -> Рекламный отдел | G49: Специалист по рекламе | H49: =LOOKUP(G49,Справочники!$B$2:$B$35,Справочники!$C$2:$C$35) -> 18000 | I49: среднее специальное | J49: 42260 | K49: 32292 | L49: =DATEDIF(J49, TODAY(),"Y") -> 7 | M49: =DATEDIF(K49, TODAY(),"Y") -> 34 | N49: =LOOKUP(F49,Справочники!$F$2:$F$10,Справочники!$H$2:$H$10) -> +7(8332)64-32-01
A50: 143 | B50: Веселов | C50: Аркадий | D50: Тимофеевич | E50: муж | F50: =LOOKUP(G50,Справочники!$B$2:$B$35,Справочники!$A$2:$A$35) -> Склад | G50: Грузчик | H50: =LOOKUP(G50,Справочники!$B$2:$B$35,Справочники!$C$2:$C$35) -> 11000 | I50: среднее | J50: 42016 | K50: 30232 | L50: =DATEDIF(J50, TODAY(),"Y") -> 7 | M50: =DATEDIF(K50, TODAY(),"Y") -> 40 | N50: =LOOKUP(F50,Справочники!$F$2:$F$10,Справочники!$H$2:$H$10) -> +7(8332)64-32-23
A51: 133 | B51: Шалашников | C51: Евгений | D51: Петрович | E51: муж | F51: =LOOKUP(G51,Справочники!$B$2:$B$35,Справочники!$A$2:$A$35) -> Рекламный отдел | G51: Менеджер | H51: =LOOKUP(G51,Справочники!$B$2:$B$35,Справочники!$C$2:$C$35) -> 15000 | I51: высшее | J51: 41782 | K51: 33871 | L51: =DATEDIF(J51, TODAY(),"Y") -> 8 | M51: =DATEDIF(K51, TODAY(),"Y") -> 30 | N51: =LOOKUP(F51,Справочники!$F$2:$F$10,Справочники!$H$2:$H$10) -> +7(8332)64-32-01
A52: 132 | B52: Ильинский | C52: Владимир | D52: Валерьянович | E52: муж | F52: =LOOKUP(G52,Справочники!$B$2:$B$35,Справочники!$A$2:$A$35) -> Отдел продаж | G52: Менеджер | H52: =LOOKUP(G52,Справочники!$B$2:$B$35,Справочники!$C$2:$C$35) -> 15000 | I52: среднее специальное | J52: 41306 | K52: 33115 | L52: =DATEDIF(J52, TODAY(),"Y") -> 9 | M52: =DATEDIF(K52, TODAY(),"Y") -> 32 | N52: =LOOKUP(F52,Справочники!$F$2:$F$10,Справочники!$H$2:$H$10) -> +7(8332)64-32-01
A53: 112 | B53: Максимов | C53: Андрей | D53: Леонидович | E53: муж | F53: =LOOKUP(G53,Справочники!$B$2:$B$35,Справочники!$A$2:$A$35) -> Рекламный отдел | G53: Начальник отдела | H53: =LOOKUP(G53,Справочники!$B$2:$B$35,Справочники!$C$2:$C$35) -> 22000 | I53: высшее | J53: 40966 | K53: 31390 | L53: =DATEDIF(J53, TODAY(),"Y") -> 10 | M53: =DATEDIF(K53, TODAY(),"Y") -> 36 | N53: =LOOKUP(F53,Справочники!$F$2:$F$10,Справочники!$H$2:$H$10) -> +7(8332)64-32-01
A54: 105 | B54: Алеев | C54: Леонид | D54: Иванович | E54: муж | F54: =LOOKUP(G54,Справочники!$B$2:$B$35,Справочники!$A$2:$A$35) -> Бухгалтерия | G54: Зам. гл. бухгалтера | H54: =LOOKUP(G54,Справочники!$B$2:$B$35,Справочники!$C$2:$C$35) -> 17000 | I54: высшее | J54: 41165 | K54: 31196 | L54: =DATEDIF(J54, TODAY(),"Y") -> 10 | M54: =DATEDIF(K54, TODAY(),"Y") -> 37 | N54: =LOOKUP(F54,Справочники!$F$2:$F$10,Справочники!$H$2:$H$10) -> +7(8332)64-32-01
A55: 127 | B55: Шлайфер | C55: Сергей | D55: Дмитриевич | E55: муж | F55: =LOOKUP(G55,Справочники!$B$2:$B$35,Справочники!$A$2:$A$35) -> Технологический отдел | G55: Художник | H55: =LOOKUP(G55,Справочники!$B$2:$B$35,Справочники!$C$2:$C$35) -> 20000 | I55: высшее | J55: 40810 | K55: 31390 | L55: =DATEDIF(J55, TODAY(),"Y") -> 11 | M55: =DATEDIF(K55, TODAY(),"Y") -> 36 | N55: =LOOKUP(F55,Справочники!$F$2:$F$10,Справочники!$H$2:$H$10) -> +7(8332)64-32-18
... A66: 161 | B66: Канарейкин | C66: Степан | D66: Петрович | E66: муж | F66: =LOOKUP(G66,Справочники!$B$2:$B$35,Справочники!$A$2:$A$35) -> Транспортный отдел | G66: Водитель | H66: =LOOKUP(G66,Справочники!$B$2:$B$35,Справочники!$C$2:$C$35) -> 12000 | I66: среднее специальное | J66: 31108 | K66: 23891 | L66: =DATEDIF(J66, TODAY(),"Y") -> 37 | M66: =DATEDIF(K66, TODAY(),"Y") -> 57 | N66: =LOOKUP(F66,Справочники!$F$2:$F$10,Справочники!$H$2:$H$10) -> +7(8332)64-32-18
E67: муж Среднее | L67: =SUBTOTAL(1,L44:L66) -> 15.217391 | M67: =SUBTOTAL(1,M44:M66) -> 42.086957
E68: Общее среднее | L68: =SUBTOTAL(1,L2:L66) -> 17.59375 | M68: =SUBTOTAL(1,M2:M66) -> 45.890625

Sheet 3.3
A1: Табельный номер | B1: Фамилия | C1: Имя | D1: Отчество | E1: Пол | F1: Отдел | G1: Должность | H1: Оклад | I1: Образование | J1: Дата найма | K1: Дата рождения | L1: Стаж | M1: Возраст | N1: Рабочий телефон
A2: 101 | B2: Айдарпашич | C2: Амина | D2: Александровна | E2: жен | F2: =LOOKUP(G2,Справочники!$B$2:$B$35,Справочники!$A$2:$A$35) -> Бухгалтерия | G2: Бухгалтер | H2: =LOOKUP(G2,Справочники!$B$2:$B$35,Справочники!$C$2:$C$35) -> 12000 | I2: высшее | J2: 38944 | K2: 30198 | L2: =DATEDIF(J2, TODAY(),"Y") -> 16 | M2: =DATEDIF(K2, TODAY(),"Y") -> 40 | N2: =LOOKUP(F2,Справочники!$F$2:$F$10,Справочники!$H$2:$H$10) -> +7(8332)64-32-01
A3: 102 | B3: Вербицкая | C3: Елена | D3: Вадимовна | E3: жен | F3: =LOOKUP(G3,Справочники!$B$2:$B$35,Справочники!$A$2:$A$35) -> Бухгалтерия | G3: Главный бухгалтер | H3: =LOOKUP(G3,Справочники!$B$2:$B$35,Справочники!$C$2:$C$35) -> 20000 | I3: высшее | J3: 34380 | K3: 25186 | L3: =DATEDIF(J3, TODAY(),"Y") -> 28 | M3: =DATEDIF(K3, TODAY(),"Y") -> 53 | N3: =LOOKUP(F3,Справочники!$F$2:$F$10,Справочники!$H$2:$H$10) -> +7(8332)64-32-01
A4: 103 | B4: Иванова | C4: Людмила | D4: Петровна | E4: жен | F4: =LOOKUP(G4,Справочники!$B$2:$B$35,Справочники!$A$2:$A$35) -> Бухгалтерия | G4: Кассир | H4: =LOOKUP(G4,Справочники!$B$2:$B$35,Справочники!$C$2:$C$35) -> 12000 | I4: среднее специальное | J4: 42962 | K4: 34762 | L4: =DATEDIF(J4, TODAY(),"Y") -> 5 | M4: =DATEDIF(K4, TODAY(),"Y") -> 27 | N4: =LOOKUP(F4,Справочники!$F$2:$F$10,Справочники!$H$2:$H$10) -> +7(8332)64-32-01
A5: 104 | B5: Лобурец | C5: Диана | D5: Борисовна | E5: жен | F5: =LOOKUP(G5,Справочники!$B$2:$B$35,Справочники!$A$2:$A$35) -> Бухгалтерия | G5: Экономист | H5: =LOOKUP(G5,Справочники!$B$2:$B$35,Справочники!$C$2:$C$35) -> 15000 | I5: высшее | J5: 41530 | K5: 25346 | L5: =DATEDIF(J5, TODAY(),"Y") -> 9 | M5: =DATEDIF(K5, TODAY(),"Y") -> 53 | N5: =LOOKUP(F5,Справочники!$F$2:$F$10,Справочники!$H$2:$H$10) -> +7(8332)64-32-01
A6: 105 | B6: Алеев | C6: Леонид | D6: Иванович | E6: муж | F6: =LOOKUP(G6,Справочники!$B$2:$B$35,Справочники!$A$2:$A$35) -> Бухгалтерия | G6: Зам. гл. бухгалтера | H6: =LOOKUP(G6,Справочники!$B$2:$B$35,Справочники!$C$2:$C$35) -> 17000 | I6: высшее | J6: 41165 | K6: 31196 | L6: =DATEDIF(J6, TODAY(),"Y") -> 10 | M6: =DATEDIF(K6, TODAY(),"Y") -> 37 | N6: =LOOKUP(F6,Справочники!$F$2:$F$10,Справочники!$H$2:$H$10) -> +7(8332)64-32-01
A7: 106 | B7: Левитин | C7: Евгений | D7: Валерьянович | E7: муж | F7: =LOOKUP(G7,Справочники!$B$2:$B$35,Справочники!$A$2:$A$35) -> Бухгалтерия | G7: Бухгалтер | H7: =LOOKUP(G7,Справочники!$B$2:$B$35,Справочники!$C$2:$C$35) -> 12000 | I7: неполное высшее | J7: 42626 | K7: 31062 | L7: =DATEDIF(J7, TODAY(),"Y") -> 6 | M7: =DATEDIF(K7, TODAY(),"Y") -> 37 | N7: =LOOKUP(F7,Справочники!$F$2:$F$10,Справочники!$H$2:$H$10) -> +7(8332)64-32-01
F8: Бухгалтерия Итог | H8: =SUBTOTAL(9,H2:H7) -> 88000
A9: 132 | B9: Ильинский | C9: Владимир | D9: Валерьянович | E9: муж | F9: =LOOKUP(G9,Справочники!$B$2:$B$35,Справочники!$A$2:$A$35) -> Отдел продаж | G9: Менеджер | H9: =LOOKUP(G9,Справочники!$B$2:$B$35,Справочники!$C$2:$C$35) -> 15000 | I9: среднее специальное | J9: 41306 | K9: 33115 | L9: =DATEDIF(J9, TODAY(),"Y") -> 9 | M9: =DATEDIF(K9, TODAY(),"Y") -> 32 | N9: =LOOKUP(F9,Справочники!$F$2:$F$10,Справочники!$H$2:$H$10) -> +7(8332)64-32-01
F10: Отдел продаж Итог | H10: =SUBTOTAL(9,H9:H9) -> 15000
A11: 138 | B11: Шаталова | C11: Ирина | D11: Игнатьевна | E11: жен | F11: =LOOKUP(G11,Справочники!$B$2:$B$35,Справочники!$A$2:$A$35) -> Отдел худ. оформления | G11: Зам. начальника отдела | H11: =LOOKUP(G11,Справочники!$B$2:$B$35,Справочники!$C$2:$C$35) -> 18000 | I11: высшее | J11: 34380 | K11: 23757 | L11: =DATEDIF(J11, TODAY(),"Y") -> 28 | M11: =DATEDIF(K11, TODAY(),"Y") -> 57 | N11: =LOOKUP(F11,Справочники!$F$2:$F$10,Справочники!$H$2:$H$10) -> +7(8332)64-32-01
A12: 141 | B12: Кожедуб | C12: Станислав | D12: Сергеевич | E12: муж | F12: =LOOKUP(G12,Справочники!$B$2:$B$35,Справочники!$A$2:$A$35) -> Отдел худ. оформления | G12: Зам. начальника отдела | H12: =LOOKUP(G12,Справочники!$B$2:$B$35,Справочники!$C$2:$C$35) -> 18000 | I12: высшее | J12: 35290 | K12: 27405 | L12: =DATEDIF(J12, TODAY(),"Y") -> 26 | M12: =DATEDIF(K12, TODAY(),"Y") -> 47 | N12: =LOOKUP(F12,Справочники!$F$2:$F$10,Справочники!$H$2:$H$10) -> +7(8332)64-32-01
F13: Отдел худ. оформления Итог | H13: =SUBTOTAL(9,H11:H12) -> 36000
A14: 150 | B14: Бычкова | C14: Людмила | D14: Петровна | E14: жен | F14: =LOOKUP(G14,Справочники!$B$2:$B$35,Справочники!$A$2:$A$35) -> Редакторский отдел | G14: Переводчик | H14: =LOOKUP(G14,Справочники!$B$2:$B$35,Справочники!$C$2:$C$35) -> 16000 | I14: высшее | J14: 34714 | K14: 22250 | L14: =DATEDIF(J14, TODAY(),"Y") -> 27 | M14: =DATEDIF(K14, TODAY(),"Y") -> 61 | N14: =LOOKUP(F14,Справочники!$F$2:$F$10,Справочники!$H$2:$H$10) -> +7(8332)64-32-01
A15: 151 | B15: Каменская | C15: Светлана | D15: Алексендровна | E15: жен | F15: =LOOKUP(G15,Справочники!$B$2:$B$35,Справочники!$A$2:$A$35) -> Редакторский отдел | G15: Зам. гл. редактора | H15: =LOOKUP(G15,Справочники!$B$2:$B$35,Справочники!$C$2:$C$35) -> 19000 | I15: неполное высшее | J15: 35445 | K15: 26821 | L15: =DATEDIF(J15, TODAY(),"Y") -> 25 | M15: =DATEDIF(K15, TODAY(),"Y") -> 49 | N15: =LOOKUP(F15,Справочники!$F$2:$F$10,Справочники!$H$2:$H$10) -> +7(8332)64-32-01
A16: 152 | B16: Карпухина | C16: Лилия | D16: Петровна | E16: жен | F16: =LOOKUP(G16,Справочники!$B$2:$B$35,Справочники!$A$2:$A$35) -> Редакторский отдел | G16: Редактор | H16: =LOOKUP(G16,Справочники!$B$2:$B$35,Справочники!$C$2:$C$35) -> 14000 | I16: неполное высшее | J16: 40998 | K16: 30213 | L16: =DATEDIF(J16, TODAY(),"Y") -> 10 | M16: =DATEDIF(K16, TODAY(),"Y") -> 40 | N16: =LOOKUP(F16,Справочники!$F$2:$F$10,Справочники!$H$2:$H$10) -> +7(8332)64-32-01
A17: 153 | B17: Корнеева | C17: Ольга | D17: Дмитриевна | E17: жен | F17: =LOOKUP(G17,Справочники!$B$2:$B$35,Справочники!$A$2:$A$35) -> Редакторский отдел | G17: Переводчик | H17: =LOOKUP(G17,Справочники!$B$2:$B$35,Справочники!$C$2:$C$35) -> 16000 | I17: высшее | J17: 36220 | K17: 26580 | L17: =DATEDIF(J17, TODAY(),"Y") -> 23 | M17: =DATEDIF(K17, TODAY(),"Y") -> 50 | N17: =LOOKUP(F17,Справочники!$F$2:$F$10,Справочники!$H$2:$H$10) -> +7(8332)64-32-01
A18: 154 | B18: Красникова | C18: Рита | D18: Андреевна | E18: жен | F18: =LOOKUP(G18,Справочники!$B$2:$B$35,Справочники!$A$2:$A$35) -> Редакторский отдел | G18: Редактор | H18: =LOOKUP(G18,Справочники!$B$2:$B$35,Справочники!$C$2:$C$35) -> 14000 | I18: высшее | J18: 35258 | K18: 21600 | L18: =DATEDIF(J18, TODAY(),"Y") -> 26 | M18: =DATEDIF(K18, TODAY(),"Y") -> 63 | N18: =LOOKUP(F18,Справочники!$F$2:$F$10,Справочники!$H$2:$H$10) -> +7(8332)64-32-01
A19: 155 | B19: Крюкова | C19: Наталья | D19: Тимофеевна | E19: жен | F19: =LOOKUP(G19,Справочники!$B$2:$B$35,Справочники!$A$2:$A$35) -> Редакторский отдел | G19: Корректор | H19: =LOOKUP(G19,Справочники!$B$2:$B$35,Справочники!$C$2:$C$35) -> 14000 | I19: высшее | J19: 35442 | K19: 24134 | L19: =DATEDIF(J19, TODAY(),"Y") -> 25 | M19: =DATEDIF(K19, TODAY(),"Y") -> 56 | N19: =LOOKUP(F19,Справочники!$F$2:$F$10,Справочники!$H$2:$H$10) -> +7(8332)64-32-01
A20: 156 | B20: Мосичева | C20: Ирина | D20: Романовна | E20: жен | F20: =LOOKUP(G20,Справочники!$B$2:$B$35,Справочники!$A$2:$A$35) -> Редакторский отдел | G20: Корректор | H20: =LOOKUP(G20,Справочники!$B$2:$B$35,Справочники!$C$2:$C$35) -> 14000 | I20: неполное высшее | J20: 35460 | K20: 21194 | L20: =DATEDIF(J20, TODAY(),"Y") -> 25 | M20: =DATEDIF(K20, TODAY(),"Y") -> 64 | N20: =LOOKUP(F20,Справочники!$F$2:$F$10,Справочники!$H$2:$H$10) -> +7(8332)64-32-01
A21: 158 | B21: Потемкина | C21: Галина | D21: Владимировна | E21: жен | F21: =LOOKUP(G21,Справочники!$B$2:$B$35,Справочники!$A$2:$A$35) -> Редакторский отдел | G21: Редактор | H21: =LOOKUP(G21,Справочники!$B$2:$B$35,Справочники!$C$2:$C$35) -> 14000 | I21: высшее | J21: 35122 | K21: 23253 | L21: =DATEDIF(J21, TODAY(),"Y") -> 26 | M21: =DATEDIF(K21, TODAY(),"Y") -> 59 | N21: =LOOKUP(F21,Справочники!$F$2:$F$10,Справочники!$H$2:$H$10) -> +7(8332)64-32-01
A22: 159 | B22: Старцева | C22: Ольга | D22: Виталиевна | E22: жен | F22: =LOOKUP(G22,Справочники!$B$2:$B$35,Справочники!$A$2:$A$35) -> Редакторский отдел | G22: Корректор | H22: =LOOKUP(G22,Справочники!$B$2:$B$35,Справочники!$C$2:$C$35) -> 14000 | I22: высшее | J22: 35032 | K22: 22065 | L22: =DATEDIF(J22, TODAY(),"Y") -> 26 | M22: =DATEDIF(K22, TODAY(),"Y") -> 62 | N22: =LOOKUP(F22,Справочники!$F$2:$F$10,Справочники!$H$2:$H$10) -> +7(8332)64-32-01
A23: 160 | B23: Фомина | C23: Анна | D23: Сергеевна | E23: жен | F23: =LOOKUP(G23,Справочники!$B$2:$B$35,Справочники!$A$2:$A$35) -> Редакторский отдел | G23: Корректор | H23: =LOOKUP(G23,Справочники!$B$2:$B$35,Справочники!$C$2:$C$35) -> 14000 | I23: высшее | J23: 42991 | K23: 32936 | L23: =DATEDIF(J23, TODAY(),"Y") -> 5 | M23: =DATEDIF(K23, TODAY(),"Y") -> 32 | N23: =LOOKUP(F23,Справочники!$F$2:$F$10,Справочники!$H$2:$H$10) -> +7(8332)64-32-01
A24: 163 | B24: Силкин | C24: Алексей | D24: Сергеевич | E24: муж | F24: =LOOKUP(G24,Справочники!$B$2:$B$35,Справочники!$A$2:$A$35) -> Редакторский отдел | G24: Главный редактор | H24: =LOOKUP(G24,Справочники!$B$2:$B$35,Справочники!$C$2:$C$35) -> 20000 | I24: высшее | J24: 35153 | K24: 24814 | L24: =DATEDIF(J24, TODAY(),"Y") -> 26 | M24: =DATEDIF(K24, TODAY(),"Y") -> 54 | N24: =LOOKUP(F24,Справочники!$F$2:$F$10,Справочники!$H$2:$H$10) -> +7(8332)64-32-01
F25: Редакторский отдел Итог | H25: =SUBTOTAL(9,H14:H24) -> 169000
A26: 112 | B26: Максимов | C26: Андрей | D26: Леонидович | E26: муж | F26: =LOOKUP(G26,Справочники!$B$2:$B$35,Справочники!$A$2:$A$35) -> Рекламный отдел | G26: Начальник отдела | H26: =LOOKUP(G26,Справочники!$B$2:$B$35,Справочники!$C$2:$C$35) -> 22000 | I26: высшее | J26: 40966 | K26: 31390 | L26: =DATEDIF(J26, TODAY(),"Y") -> 10 | M26: =DATEDIF(K26, TODAY(),"Y") -> 36 | N26: =LOOKUP(F26,Справочники!$F$2:$F$10,Справочники!$H$2:$H$10) -> +7(8332)64-32-01
A27: 113 | B27: Черкизова | C27: Татьяна | D27: Владиславовна | E27: жен | F27: =LOOKUP(G27,Справочники!$B$2:$B$35,Справочники!$A$2:$A$35) -> Рекламный отдел | G27: Специалист по маркетингу | H27: =LOOKUP(G27,Справочники!$B$2:$B$35,Справочники!$C$2:$C$35) -> 18000 | I27: высшее | J27: 34788 | K27: 25186 | L27: =DATEDIF(J27, TODAY(),"Y") -> 27 | M27: =DATEDIF(K27, TODAY(),"Y") -> 53 | N27: =LOOKUP(F27,Справочники!$F$2:$F$10,Справочники!$H$2:$H$10) -> +7(8332)64-32-01
A28: 126 | B28: Патычук | C28: Валерий | D28: Леонидович | E28: муж | F28: =LOOKUP(G28,Справочники!$B$2:$B$35,Справочники!$A$2:$A$35) -> Рекламный отдел | G28: Начальник отдела | H28: =LOOKUP(G28,Справочники!$B$2:$B$35,Справочники!$C$2:$C$35) -> 22000 | I28: высшее | J28: 40321 | K28: 30232 | L28: =DATEDIF(J28, TODAY(),"Y") -> 12 | M28: =DATEDIF(K28, TODAY(),"Y") -> 40 | N28: =LOOKUP(F28,Справочники!$F$2:$F$10,Справочники!$H$2:$H$10) -> +7(8332)64-32-01
A29: 128 | B29: Курносов | C29: Александр | D29: Дмитриевич | E29: муж | F29: =LOOKUP(G29,Справочники!$B$2:$B$35,Справочники!$A$2:$A$35) -> Рекламный отдел | G29: Специалист по рекламе | H29: =LOOKUP(G29,Справочники!$B$2:$B$35,Справочники!$C$2:$C$35) -> 18000 | I29: среднее специальное | J29: 42260 | K29: 32292 | L29: =DATEDIF(J29, TODAY(),"Y") -> 7 | M29: =DATEDIF(K29, TODAY(),"Y") -> 34 | N29: =LOOKUP(F29,Справочники!$F$2:$F$10,Справочники!$H$2:$H$10) -> +7(8332)64-32-01
A30: 129 | B30: Урбановский | C30: Константин | D30: Владимирович | E30: муж | F30: =LOOKUP(G30,Справочники!$B$2:$B$35,Справочники!$A$2:$A$35) -> Рекламный отдел | G30: Менеджер | H30: =LOOKUP(G30,Справочники!$B$2:$B$35,Справочники!$C$2:$C$35) -> 15000 | I30: высшее | J30: 41972 | K30: 33851 | L30: =DATEDIF(J30, TODAY(),"Y") -> 7 | M30: =DATEDIF(K30, TODAY(),"Y") -> 30 | N30: =LOOKUP(F30,Справочники!$F$2:$F$10,Справочники!$H$2:$H$10) -> +7(8332)64-32-01
A31: 131 | B31: Конищев | C31: Владимир | D31: Александрович | E31: муж | F31: =LOOKUP(G31,Справочники!$B$2:$B$35,Справочники!$A$2:$A$35) -> Рекламный отдел | G31: Начальник отдела | H31: =LOOKUP(G31,Справочники!$B$2:$B$35,Справочники!$C$2:$C$35) -> 22000 | I31: высшее | J31: 39459 | K31: 27953 | L31: =DATEDIF(J31, TODAY(),"Y") -> 14 | M31: =DATEDIF(K31, TODAY(),"Y") -> 46 | N31: =LOOKUP(F31,Справочники!$F$2:$F$10,Справочники!$H$2:$H$10) -> +7(8332)64-32-01
A32: 133 | B32: Шалашников | C32: Евгений | D32: Петрович | E32: муж | F32: =LOOKUP(G32,Справочники!$B$2:$B$35,Справочники!$A$2:$A$35) -> Рекламный отдел | G32: Менеджер | H32: =LOOKUP(G32,Справочники!$B$2:$B$35,Справочники!$C$2:$C$35) -> 15000 | I32: высшее | J32: 41782 | K32: 33871 | L32: =DATEDIF(J32, TODAY(),"Y") -> 8 | M32: =DATEDIF(K32, TODAY(),"Y") -> 30 | N32: =LOOKUP(F32,Справочники!$F$2:$F$10,Справочники!$H$2:$H$10) -> +7(8332)64-32-01
A33: 136 | B33: Полхова | C33: Мария | D33: Никитична | E33: жен | F33: =LOOKUP(G33,Справочники!$B$2:$B$35,Справочники!$A$2:$A$35) -> Рекламный отдел | G33: Начальник отдела | H33: =LOOKUP(G33,Справочники!$B$2:$B$35,Справочники!$C$2:$C$35) -> 22000 | I33: неполное высшее | J33: 39479 | K33: 27737 | L33: =DATEDIF(J33, TODAY(),"Y") -> 14 | M33: =DATEDIF(K33, TODAY(),"Y") -> 46 | N33: =LOOKUP(F33,Справочники!$F$2:$F$10,Справочники!$H$2:$H$10) -> +7(8332)64-32-01
A34: 140 | B34: Самсонова | C34: Светлана | D34: Андреевна | E34: жен | F34: =LOOKUP(G34,Справочники!$B$2:$B$35,Справочники!$A$2:$A$35) -> Рекламный отдел | G34: Менеджер | H34: =LOOKUP(G34,Справочники!$B$2:$B$35,Справочники!$C$2:$C$35) -> 15000 | I34: неполное высшее | J34: 39641 | K34: 29284 | L34: =DATEDIF(J34, TODAY(),"Y") -> 14 | M34: =DATEDIF(K34, TODAY(),"Y") -> 42 | N34: =LOOKUP(F34,Справочники!$F$2:$F$10,Справочники!$H$2:$H$10) -> +7(8332)64-32-01
A35: 148 | B35: Ферапонтов | C35: Илья | D35: Леонидович | E35: муж | F35: =LOOKUP(G35,Справочники!$B$2:$B$35,Справочники!$A$2:$A$35) -> Рекламный отдел | G35: Начальник отдела | H35: =LOOKUP(G35,Справочники!$B$2:$B$35,Справочники!$C$2:$C$35) -> 22000 | I35: высшее | J35: 43539 | K35: 27737 | L35: =DATEDIF(J35, TODAY(),"Y") -> 3 | M35: =DATEDIF(K35, TODAY(),"Y") -> 46 | N35: =LOOKUP(F35,Справочники!$F$2:$F$10,Справочники!$H$2:$H$10) -> +7(8332)64-32-01
F36: Рекламный отдел Итог | H36: =SUBTOTAL(9,H26:H35) -> 191000
A37: 142 | B37: Георгиева | C37: Ульяна | D37: Сергеевна | E37: жен | F37: =LOOKUP(G37,Справочники!$B$2:$B$35,Справочники!$A$2:$A$35) -> Склад | G37: Кладовщик | H37: =LOOKUP(G37,Справочники!$B$2:$B$35,Справочники!$C$2:$C$35) -> 15000 | I37: среднее | J37: 34955 | K37: 24134 | L37: =DATEDIF(J37, TODAY(),"Y") -> 27 | M37: =DATEDIF(K37, TODAY(),"Y") -> 56 | N37: =LOOKUP(F37,Справочники!$F$2:$F$10,Справочники!$H$2:$H$10) -> +7(8332)64-32-23
A38: 143 | B38: Веселов | C38: Аркадий | D38: Тимофеевич | E38: муж | F38: =LOOKUP(G38,Справочники!$B$2:$B$35,Справочники!$A$2:$A$35) -> Склад | G38: Грузчик | H38: =LOOKUP(G38,Справочники!$B$2:$B$35,Справочники!$C$2:$C$35) -> 11000 | I38: среднее | J38: 42016 | K38: 30232 | L38: =DATEDIF(J38, TODAY(),"Y") -> 7 | M38: =DATEDIF(K38, TODAY(),"Y") -> 40 | N38: =LOOKUP(F38,Справочники!$F$2:$F$10,Справочники!$H$2:$H$10) -> +7(8332)64-32-23
A39: 144 | B39: Ильин | C39: Станислав | D39: Алексендрович | E39: муж | F39: =LOOKUP(G39,Справочники!$B$2:$B$35,Справочники!$A$2:$A$35) -> Склад | G39: Грузчик | H39: =LOOKUP(G39,Справочники!$B$2:$B$35,Справочники!$C$2:$C$35) -> 11000 | I39: среднее | J39: 43115 | K39: 33207 | L39: =DATEDIF(J39, TODAY(),"Y") -> 4 | M39: =DATEDIF(K39, TODAY(),"Y") -> 31 | N39: =LOOKUP(F39,Справочники!$F$2:$F$10,Справочники!$H$2:$H$10) -> +7(8332)64-32-23
A40: 145 | B40: Мамуладзе | C40: Сергей | D40: Петрович | E40: муж | F40: =LOOKUP(G40,Справочники!$B$2:$B$35,Справочники!$A$2:$A$35) -> Склад | G40: Начальник склада | H40: =LOOKUP(G40,Справочники!$B$2:$B$35,Справочники!$C$2:$C$35) -> 22000 | I40: неполное высшее | J40: 34788 | K40: 25204 | L40: =DATEDIF(J40, TODAY(),"Y") -> 27 | M40: =DATEDIF(K40, TODAY(),"Y") -> 53 | N40: =LOOKUP(F40,Справочники!$F$2:$F$10,Справочники!$H$2:$H$10) -> +7(8332)64-32-23
A41: 146 | B41: Парамонов | C41: Валерий | D41: Виталиевич | E41: муж | F41: =LOOKUP(G41,Справочники!$B$2:$B$35,Справочники!$A$2:$A$35) -> Склад | G41: Кладовщик | H41: =LOOKUP(G41,Справочники!$B$2:$B$35,Справочники!$C$2:$C$35) -> 15000 | I41: среднее | J41: 35032 | K41: 26821 | L41: =DATEDIF(J41, TODAY(),"Y") -> 26 | M41: =DATEDIF(K41, TODAY(),"Y") -> 49 | N41: =LOOKUP(F41,Справочники!$F$2:$F$10,Справочники!$H$2:$H$10) -> +7(8332)64-32-23
A42: 147 | B42: Сильченко | C42: Савелий | D42: Романович | E42: муж | F42: =LOOKUP(G42,Справочники!$B$2:$B$35,Справочники!$A$2:$A$35) -> Склад | G42: Грузчик | H42: =LOOKUP(G42,Справочники!$B$2:$B$35,Справочники!$C$2:$C$35) -> 11000 | I42: среднее | J42: 42399 | K42: 33858 | L42: =DATEDIF(J42, TODAY(),"Y") -> 6 | M42: =DATEDIF(K42, TODAY(),"Y") -> 30 | N42: =LOOKUP(F42,Справочники!$F$2:$F$10,Справочники!$H$2:$H$10) -> +7(8332)64-32-23
F43: Склад Итог | H43: =SUBTOTAL(9,H37:H42) -> 85000
A44: 114 | B44: Горбачева | C44: Клавдия | D44: Валериевна | E44: жен | F44: =LOOKUP(G44,Справочники!$B$2:$B$35,Справочники!$A$2:$A$35) -> Технологический отдел | G44: Главный технолог | H44: =LOOKUP(G44,Справочники!$B$2:$B$35,Справочники!$C$2:$C$35) -> 22000 | I44: высшее | J44: 43356 | K44: 24300 | L44: =DATEDIF(J44, TODAY(),"Y") -> 4 | M44: =DATEDIF(K44, TODAY(),"Y") -> 56 | N44: =LOOKUP(F44,Справочники!$F$2:$F$10,Справочники!$H$2:$H$10) -> +7(8332)64-32-18
A45: 115 | B45: Кипарисова | C45: Ирина | D45: Петровна | E45: жен | F45: =LOOKUP(G45,Справочники!$B$2:$B$35,Справочники!$A$2:$A$35) -> Технологический отдел | G45: Машинистка | H45: =LOOKUP(G45,Справочники!$B$2:$B$35,Справочники!$C$2:$C$35) -> 12000 | I45: среднее специальное | J45: 35096 | K45: 26553 | L45: =DATEDIF(J45, TODAY(),"Y") -> 26 | M45: =DATEDIF(K45, TODAY(),"Y") -> 50 | N45: =LOOKUP(F45,Справочники!$F$2:$F$10,Справочники!$H$2:$H$10) -> +7(8332)64-32-18
A46: 116 | B46: Макарова | C46: Элина | D46: Дмитриевна | E46: жен | F46: =LOOKUP(G46,Справочники!$B$2:$B$35,Справочники!$A$2:$A$35) -> Технологический отдел | G46: Технолог | H46: =LOOKUP(G46,Справочники!$B$2:$B$35,Справочники!$C$2:$C$35) -> 15000 | I46: среднее специальное | J46: 35292 | K46: 25810 | L46: =DATEDIF(J46, TODAY(),"Y") -> 26 | M46: =DATEDIF(K46, TODAY(),"Y") -> 52 | N46: =LOOKUP(F46,Справочники!$F$2:$F$10,Справочники!$H$2:$H$10) -> +7(8332)64-32-18
A47: 117 | B47: Мозговая | C47: Елена | D47: Вячеславовна | E47: жен | F47: =LOOKUP(G47,Справочники!$B$2:$B$35,Справочники!$A$2:$A$35) -> Технологический отдел | G47: Машинистка | H47: =LOOKUP(G47,Справочники!$B$2:$B$35,Справочники!$C$2:$C$35) -> 12000 | I47: среднее | J47: 35445 | K47: 26821 | L47: =DATEDIF(J47, TODAY(),"Y") -> 25 | M47: =DATEDIF(K47, TODAY(),"Y") -> 49 | N47: =LOOKUP(F47,Справочники!$F$2:$F$10,Справочники!$H$2:$H$10) -> +7(8332)64-32-18
A48: 118 | B48: Орлова | C48: Марина | D48: Геннадиевна | E48: жен | F48: =LOOKUP(G48,Справочники!$B$2:$B$35,Справочники!$A$2:$A$35) -> Технологический отдел | G48: Верстальщик | H48: =LOOKUP(G48,Справочники!$B$2:$B$35,Справочники!$C$2:$C$35) -> 12000 | I48: среднее специальное | J48: 36303 | K48: 25641 | L48: =DATEDIF(J48, TODAY(),"Y") -> 23 | M48: =DATEDIF(K48, TODAY(),"Y") -> 52 | N48: =LOOKUP(F48,Справочники!$F$2:$F$10,Справочники!$H$2:$H$10) -> +7(8332)64-32-18
A49: 119 | B49: Савицкая | C49: Александра | D49: Александровна | E49: жен | F49: =LOOKUP(G49,Справочники!$B$2:$B$35,Справочники!$A$2:$A$35) -> Технологический отдел | G49: Ведущий специалист | H49: =LOOKUP(G49,Справочники!$B$2:$B$35,Справочники!$C$2:$C$35) -> 17000 | I49: высшее | J49: 39550 | K49: 28420 | L49: =DATEDIF(J49, TODAY(),"Y") -> 14 | M49: =DATEDIF(K49, TODAY(),"Y") -> 45 | N49: =LOOKUP(F49,Справочники!$F$2:$F$10,Справочники!$H$2:$H$10) -> +7(8332)64-32-18
A50: 120 | B50: Саламатина | C50: Татьяна | D50: Федоровна | E50: жен | F50: =LOOKUP(G50,Справочники!$B$2:$B$35,Справочники!$A$2:$A$35) -> Технологический отдел | G50: Технический корректор | H50: =LOOKUP(G50,Справочники!$B$2:$B$35,Справочники!$C$2:$C$35) -> 14000 | I50: среднее специальное | J50: 35442 | K50: 24134 | L50: =DATEDIF(J50, TODAY(),"Y") -> 25 | M50: =DATEDIF(K50, TODAY(),"Y") -> 56 | N50: =LOOKUP(F50,Справочники!$F$2:$F$10,Справочники!$H$2:$H$10) -> +7(8332)64-32-18
A51: 121 | B51: Сидоренко | C51: Людмила | D51: Борисовна | E51: жен | F51: =LOOKUP(G51,Справочники!$B$2:$B$35,Справочники!$A$2:$A$35) -> Технологический отдел | G51: Технический корректор | H51: =LOOKUP(G51,Справочники!$B$2:$B$35,Справочники!$C$2:$C$35) -> 14000 | I51: среднее специальное | J51: 39845 | K51: 31391 | L51: =DATEDIF(J51, TODAY(),"Y") -> 13 | M51: =DATEDIF(K51, TODAY(),"Y") -> 36 | N51: =LOOKUP(F51,Справочники!$F$2:$F$10,Справочники!$H$2:$H$10) -> +7(8332)64-32-18
A52: 122 | B52: Синицына | C52: Вера | D52: Николаевна | E52: жен | F52: =LOOKUP(G52,Справочники!$B$2:$B$35,Справочники!$A$2:$A$35) -> Технологический отдел | G52: Технический специалист | H52: =LOOKUP(G52,Справочники!$B$2:$B$35,Справочники!$C$2:$C$35) -> 14000 | I52: среднее специальное | J52: 36427 | K52: 24846 | L52: =DATEDIF(J52, TODAY(),"Y") -> 23 | M52: =DATEDIF(K52, TODAY(),"Y") -> 54 | N52: =LOOKUP(F52,Справочники!$F$2:$F$10,Справочники!$H$2:$H$10) -> +7(8332)64-32-18
A53: 123 | B53: Чаповская | C53: Марина | D53: Владиславовна | E53: жен | F53: =LOOKUP(G53,Справочники!$B$2:$B$35,Справочники!$A$2:$A$35) -> Технологический отдел | G53: Верстальщик | H53: =LOOKUP(G53,Справочники!$B$2:$B$35,Справочники!$C$2:$C$35) -> 12000 | I53: высшее | J53: 35290 | K53: 22280 | L53: =DATEDIF(J53, TODAY(),"Y") -> 26 | M53: =DATEDIF(K53, TODAY(),"Y") -> 61 | N53: =LOOKUP(F53,Справочники!$F$2:$F$10,Справочники!$H$2:$H$10) -> +7(8332)64-32-18
A54: 124 | B54: Эль-фалах | C54: Наима | D54: Николаевна | E54: жен | F54: =LOOKUP(G54,Справочники!$B$2:$B$35,Справочники!$A$2:$A$35) -> Технологический отдел | G54: Технолог | H54: =LOOKUP(G54,Справочники!$B$2:$B$35,Справочники!$C$2:$C$35) -> 15000 | I54: среднее | J54: 35451 | K54: 27551 | L54: =DATEDIF(J54, TODAY(),"Y") -> 25 | M54: =DATEDIF(K54, TODAY(),"Y") -> 47 | N54: =LOOKUP(F54,Справочники!$F$2:$F$10,Справочники!$H$2:$H$10) -> +7(8332)64-32-18
A55: 125 | B55: Юматова | C55: Татьяна | D55: Сергеевна | E55: жен | F55: =LOOKUP(G55,Справочники!$B$2:$B$35,Справочники!$A$2:$A$35) -> Технологический отдел | G55: Верстальщик | H55: =LOOKUP(G55,Справочники!$B$2:$B$35,Справочники!$C$2:$C$35) -> 12000 | I55: среднее | J55: 35290 | K55: 22065 | L55: =DATEDIF(J55, TODAY(),"Y") -> 26 | M55: =DATEDIF(K55, TODAY(),"Y") -> 62 | N55: =LOOKUP(F55,Справочники!$F$2:$F$10,Справочники!$H$2:$H$10) -> +7(8332)64-32-18
... A59: 157 | B59: Осокина | C59: Римма | D59: Леонидовна | E59: жен | F59: =LOOKUP(G59,Справочники!$B$2:$B$35,Справочники!$A$2:$A$35) -> Технологический отдел | G59: Машинистка | H59: =LOOKUP(G59,Справочники!$B$2:$B$35,Справочники!$C$2:$C$35) -> 12000 | I59: среднее специальное | J59: 39887 | K59: 30205 | L59: =DATEDIF(J59, TODAY(),"Y") -> 13 | M59: =DATEDIF(K59, TODAY(),"Y") -> 40 | N59: =LOOKUP(F59,Справочники!$F$2:$F$10,Справочники!$H$2:$H$10) -> +7(8332)64-32-18
F60: Технологический отдел Итог | H60: =SUBTOTAL(9,H44:H59) -> 243000
A61: 149 | B61: Старшинов | C61: Федор | D61: Дмитриевич | E61: муж | F61: =LOOKUP(G61,Справочники!$B$2:$B$35,Справочники!$A$2:$A$35) -> Транспортный отдел | G61: Водитель | H61: =LOOKUP(G61,Справочники!$B$2:$B$35,Справочники!$C$2:$C$35) -> 12000 | I61: среднее | J61: 34759 | K61: 25186 | L61: =DATEDIF(J61, TODAY(),"Y") -> 27 | M61: =DATEDIF(K61, TODAY(),"Y") -> 53 | N61: =LOOKUP(F61,Справочники!$F$2:$F$10,Справочники!$H$2:$H$10) -> +7(8332)64-32-18
A62: 161 | B62: Канарейкин | C62: Степан | D62: Петрович | E62: муж | F62: =LOOKUP(G62,Справочники!$B$2:$B$35,Справочники!$A$2:$A$35) -> Транспортный отдел | G62: Водитель | H62: =LOOKUP(G62,Справочники!$B$2:$B$35,Справочники!$C$2:$C$35) -> 12000 | I62: среднее специальное | J62: 31108 | K62: 23891 | L62: =DATEDIF(J62, TODAY(),"Y") -> 37 | M62: =DATEDIF(K62, TODAY(),"Y") -> 57 | N62: =LOOKUP(F62,Справочники!$F$2:$F$10,Справочники!$H$2:$H$10) -> +7(8332)64-32-18
A63: 162 | B63: Савченков | C63: Андрей | D63: Николаевич | E63: муж | F63: =LOOKUP(G63,Справочники!$B$2:$B$35,Справочники!$A$2:$A$35) -> Транспортный отдел | G63: Водитель | H63: =LOOKUP(G63,Справочники!$B$2:$B$35,Справочники!$C$2:$C$35) -> 12000 | I63: среднее специальное | J63: 32023 | K63: 22893 | L63: =DATEDIF(J63, TODAY(),"Y") -> 35 | M63: =DATEDIF(K63, TODAY(),"Y") -> 60 | N63: =LOOKUP(F63,Справочники!$F$2:$F$10,Справочники!$H$2:$H$10) -> +7(8332)64-32-18
A64: 164 | B64: Толоконникова | C64: Майя | D64: Кириловна | E64: жен | F64: =LOOKUP(G64,Справочники!$B$2:$B$35,Справочники!$A$2:$A$35) -> Транспортный отдел | G64: Диспетчер | H64: =LOOKUP(G64,Справочники!$B$2:$B$35,Справочники!$C$2:$C$35) -> 12000 | I64: среднее | J64: 43438 | K64: 34714 | L64: =DATEDIF(J64, TODAY(),"Y") -> 3 | M64: =DATEDIF(K64, TODAY(),"Y") -> 27 | N64: =LOOKUP(F64,Справочники!$F$2:$F$10,Справочники!$H$2:$H$10) -> +7(8332)64-32-18
F65: Транспортный отдел Итог | H65: =SUBTOTAL(9,H61:H64) -> 48000
A66: 107 | B66: Богуславская | C66: Дарья | D66: Вячеславовна | E66: жен | F66: =LOOKUP(G66,Справочники!$B$2:$B$35,Справочники!$A$2:$A$35) -> Управление | G66: Референт | H66: =LOOKUP(G66,Справочники!$B$2:$B$35,Справочники!$C$2:$C$35) -> 15000 | I66: среднее специальное | J66: 39956 | K66: 30254 | L66: =DATEDIF(J66, TODAY(),"Y") -> 13 | M66: =DATEDIF(K66, TODAY(),"Y") -> 40 | N66: =LOOKUP(F66,Справочники!$F$2:$F$10,Справочники!$H$2:$H$10) -> +7(8332)64-32-18
A67: 108 | B67: Иванов | C67: Александр | D67: Геннадиевич | E67: муж | F67: =LOOKUP(G67,Справочники!$B$2:$B$35,Справочники!$A$2:$A$35) -> Управление | G67: Директор | H67: =LOOKUP(G67,Справочники!$B$2:$B$35,Справочники!$C$2:$C$35) -> 35000 | I67: высшее | J67: 38579 | K67: 28499 | L67: =DATEDIF(J67, TODAY(),"Y") -> 17 | M67: =DATEDIF(K67, TODAY(),"Y") -> 44 | N67: =LOOKUP(F67,Справочники!$F$2:$F$10,Справочники!$H$2:$H$10) -> +7(8332)64-32-18
A68: 109 | B68: Васильев | C68: Леонид | D68: Сергеевич | E68: муж | F68: =LOOKUP(G68,Справочники!$B$2:$B$35,Справочники!$A$2:$A$35) -> Управление | G68: Зам. директора | H68: =LOOKUP(G68,Справочники!$B$2:$B$35,Справочники!$C$2:$C$35) -> 28000 | I68: высшее | J68: 39103 | K68: 27786 | L68: =DATEDIF(J68, TODAY(),"Y") -> 15 | M68: =DATEDIF(K68, TODAY(),"Y") -> 46 | N68: =LOOKUP(F68,Справочники!$F$2:$F$10,Справочники!$H$2:$H$10) -> +7(8332)64-32-18
A69: 110 | B69: Федотова | C69: Инна | D69: Николаевна | E69: жен | F69: =LOOKUP(G69,Справочники!$B$2:$B$35,Справочники!$A$2:$A$35) -> Управление | G69: Финансовый директор | H69: =LOOKUP(G69,Справочники!$B$2:$B$35,Справочники!$C$2:$C$35) -> 30000 | I69: высшее | J69: 34436 | K69: 26821 | L69: =DATEDIF(J69, TODAY(),"Y") -> 28 | M69: =DATEDIF(K69, TODAY(),"Y") -> 49 | N69: =LOOKUP(F69,Справочники!$F$2:$F$10,Справочники!$H$2:$H$10) -> +7(8332)64-32-18
A70: 111 | B70: Прохорова | C70: Татьяна | D70: Петровна | E70: жен | F70: =LOOKUP(G70,Справочники!$B$2:$B$35,Справочники!$A$2:$A$35) -> Управление | G70: Секретарь | H70: =LOOKUP(G70,Справочники!$B$2:$B$35,Справочники!$C$2:$C$35) -> 15000 | I70: неполное высшее | J70: 42960 | K70: 33207 | L70: =DATEDIF(J70, TODAY(),"Y") -> 5 | M70: =DATEDIF(K70, TODAY(),"Y") -> 31 | N70: =LOOKUP(F70,Справочники!$F$2:$F$10,Справочники!$H$2:$H$10) -> +7(8332)64-32-18
A71: 130 | B71: Арбузова | C71: Маргарита | D71: Ивановна | E71: жен | F71: =LOOKUP(G71,Справочники!$B$2:$B$35,Справочники!$A$2:$A$35) -> Управление | G71: Референт | H71: =LOOKUP(G71,Справочники!$B$2:$B$35,Справочники!$C$2:$C$35) -> 15000 | I71: неполное высшее | J71: 42765 | K71: 34714 | L71: =DATEDIF(J71, TODAY(),"Y") -> 5 | M71: =DATEDIF(K71, TODAY(),"Y") -> 27 | N71: =LOOKUP(F71,Справочники!$F$2:$F$10,Справочники!$H$2:$H$10) -> +7(8332)64-32-18
A72: 137 | B72: Царева | C72: Марина | D72: Игоревна | E72: жен | F72: =LOOKUP(G72,Справочники!$B$2:$B$35,Справочники!$A$2:$A$35) -> Управление | G72: Референт | H72: =LOOKUP(G72,Справочники!$B$2:$B$35,Справочники!$C$2:$C$35) -> 15000 | I72: неполное высшее | J72: 42271 | K72: 33851 | L72: =DATEDIF(J72, TODAY(),"Y") -> 7 | M72: =DATEDIF(K72, TODAY(),"Y") -> 30 | N72: =LOOKUP(F72,Справочники!$F$2:$F$10,Справочники!$H$2:$H$10) -> +7(8332)64-32-18
A73: 139 | B73: Белозерова | C73: Ольга | D73: Владимировна | E73: жен | F73: =LOOKUP(G73,Справочники!$B$2:$B$35,Справочники!$A$2:$A$35) -> Управление | G73: Референт | H73: =LOOKUP(G73,Справочники!$B$2:$B$35,Справочники!$C$2:$C$35) -> 15000 | I73: среднее специальное | J73: 41697 | K73: 33022 | L73: =DATEDIF(J73, TODAY(),"Y") -> 8 | M73: =DATEDIF(K73, TODAY(),"Y") -> 32 | N73: =LOOKUP(F73,Справочники!$F$2:$F$10,Справочники!$H$2:$H$10) -> +7(8332)64-32-18
F74: Управление Итог | H74: =SUBTOTAL(9,H66:H73) -> 168000
F75: Общий итог | H75: =SUBTOTAL(9,H2:H73) -> 1043000

Sheet 3.4
A1: Табельный номер | B1: Фамилия | C1: Имя | D1: Отчество | E1: Пол | F1: Отдел | G1: Должность | H1: Оклад | I1: Образование | J1: Дата найма | K1: Дата рождения | L1: Стаж | M1: Возраст | N1: Рабочий телефон
A2: 101 | B2: Айдарпашич | C2: Амина | D2: Александровна | E2: жен | F2: =LOOKUP(G2,Справочники!$B$2:$B$35,Справочники!$A$2:$A$35) -> Бухгалтерия | G2: Бухгалтер | H2: =LOOKUP(G2,Справочники!$B$2:$B$35,Справочники!$C$2:$C$35) -> 12000 | I2: высшее | J2: 38944 | K2: 30198 | L2: =DATEDIF(J2, TODAY(),"Y") -> 16 | M2: =DATEDIF(K2, TODAY(),"Y") -> 40 | N2: =LOOKUP(F2,Справочники!$F$2:$F$10,Справочники!$H$2:$H$10) -> +7(8332)64-32-01
A3: 102 | B3: Вербицкая | C3: Елена | D3: Вадимовна | E3: жен | F3: =LOOKUP(G3,Справочники!$B$2:$B$35,Справочники!$A$2:$A$35) -> Бухгалтерия | G3: Главный бухгалтер | H3: =LOOKUP(G3,Справочники!$B$2:$B$35,Справочники!$C$2:$C$35) -> 20000 | I3: высшее | J3: 34380 | K3: 25186 | L3: =DATEDIF(J3, TODAY(),"Y") -> 28 | M3: =DATEDIF(K3, TODAY(),"Y") -> 53 | N3: =LOOKUP(F3,Справочники!$F$2:$F$10,Справочники!$H$2:$H$10) -> +7(8332)64-32-01
A4: 104 | B4: Лобурец | C4: Диана | D4: Борисовна | E4: жен | F4: =LOOKUP(G4,Справочники!$B$2:$B$35,Справочники!$A$2:$A$35) -> Бухгалтерия | G4: Экономист | H4: =LOOKUP(G4,Справочники!$B$2:$B$35,Справочники!$C$2:$C$35) -> 15000 | I4: высшее | J4: 41530 | K4: 25346 | L4: =DATEDIF(J4, TODAY(),"Y") -> 9 | M4: =DATEDIF(K4, TODAY(),"Y") -> 53 | N4: =LOOKUP(F4,Справочники!$F$2:$F$10,Справочники!$H$2:$H$10) -> +7(8332)64-32-01
A5: 105 | B5: Алеев | C5: Леонид | D5: Иванович | E5: муж | F5: =LOOKUP(G5,Справочники!$B$2:$B$35,Справочники!$A$2:$A$35) -> Бухгалтерия | G5: Зам. гл. бухгалтера | H5: =LOOKUP(G5,Справочники!$B$2:$B$35,Справочники!$C$2:$C$35) -> 17000 | I5: высшее | J5: 41165 | K5: 31196 | L5: =DATEDIF(J5, TODAY(),"Y") -> 10 | M5: =DATEDIF(K5, TODAY(),"Y") -> 37 | N5: =LOOKUP(F5,Справочники!$F$2:$F$10,Справочники!$H$2:$H$10) -> +7(8332)64-32-01
A6: 108 | B6: Иванов | C6: Александр | D6: Геннадиевич | E6: муж | F6: =LOOKUP(G6,Справочники!$B$2:$B$35,Справочники!$A$2:$A$35) -> Управление | G6: Директор | H6: =LOOKUP(G6,Справочники!$B$2:$B$35,Справочники!$C$2:$C$35) -> 35000 | I6: высшее | J6: 38579 | K6: 28499 | L6: =DATEDIF(J6, TODAY(),"Y") -> 17 | M6: =DATEDIF(K6, TODAY(),"Y") -> 44 | N6: =LOOKUP(F6,Справочники!$F$2:$F$10,Справочники!$H$2:$H$10) -> +7(8332)64-32-18
A7: 109 | B7: Васильев | C7: Леонид | D7: Сергеевич | E7: муж | F7: =LOOKUP(G7,Справочники!$B$2:$B$35,Справочники!$A$2:$A$35) -> Управление | G7: Зам. директора | H7: =LOOKUP(G7,Справочники!$B$2:$B$35,Справочники!$C$2:$C$35) -> 28000 | I7: высшее | J7: 39103 | K7: 27786 | L7: =DATEDIF(J7, TODAY(),"Y") -> 15 | M7: =DATEDIF(K7, TODAY(),"Y") -> 46 | N7: =LOOKUP(F7,Справочники!$F$2:$F$10,Справочники!$H$2:$H$10) -> +7(8332)64-32-18
A8: 110 | B8: Федотова | C8: Инна | D8: Николаевна | E8: жен | F8: =LOOKUP(G8,Справочники!$B$2:$B$35,Справочники!$A$2:$A$35) -> Управление | G8: Финансовый директор | H8: =LOOKUP(G8,Справочники!$B$2:$B$35,Справочники!$C$2:$C$35) -> 30000 | I8: высшее | J8: 34436 | K8: 26821 | L8: =DATEDIF(J8, TODAY(),"Y") -> 28 | M8: =DATEDIF(K8, TODAY(),"Y") -> 49 | N8: =LOOKUP(F8,Справочники!$F$2:$F$10,Справочники!$H$2:$H$10) -> +7(8332)64-32-18
A9: 112 | B9: Максимов | C9: Андрей | D9: Леонидович | E9: муж | F9: =LOOKUP(G9,Справочники!$B$2:$B$35,Справочники!$A$2:$A$35) -> Рекламный отдел | G9: Начальник отдела | H9: =LOOKUP(G9,Справочники!$B$2:$B$35,Справочники!$C$2:$C$35) -> 22000 | I9: высшее | J9: 40966 | K9: 31390 | L9: =DATEDIF(J9, TODAY(),"Y") -> 10 | M9: =DATEDIF(K9, TODAY(),"Y") -> 36 | N9: =LOOKUP(F9,Справочники!$F$2:$F$10,Справочники!$H$2:$H$10) -> +7(8332)64-32-01
A10: 113 | B10: Черкизова | C10: Татьяна | D10: Владиславовна | E10: жен | F10: =LOOKUP(G10,Справочники!$B$2:$B$35,Справочники!$A$2:$A$35) -> Рекламный отдел | G10: Специалист по маркетингу | H10: =LOOKUP(G10,Справочники!$B$2:$B$35,Справочники!$C$2:$C$35) -> 18000 | I10: высшее | J10: 34788 | K10: 25186 | L10: =DATEDIF(J10, TODAY(),"Y") -> 27 | M10: =DATEDIF(K10, TODAY(),"Y") -> 53 | N10: =LOOKUP(F10,Справочники!$F$2:$F$10,Справочники!$H$2:$H$10) -> +7(8332)64-32-01
A11: 114 | B11: Горбачева | C11: Клавдия | D11: Валериевна | E11: жен | F11: =LOOKUP(G11,Справочники!$B$2:$B$35,Справочники!$A$2:$A$35) -> Технологический отдел | G11: Главный технолог | H11: =LOOKUP(G11,Справочники!$B$2:$B$35,Справочники!$C$2:$C$35) -> 22000 | I11: высшее | J11: 43356 | K11: 24300 | L11: =DATEDIF(J11, TODAY(),"Y") -> 4 | M11: =DATEDIF(K11, TODAY(),"Y") -> 56 | N11: =LOOKUP(F11,Справочники!$F$2:$F$10,Справочники!$H$2:$H$10) -> +7(8332)64-32-18
A12: 119 | B12: Савицкая | C12: Александра | D12: Александровна | E12: жен | F12: =LOOKUP(G12,Справочники!$B$2:$B$35,Справочники!$A$2:$A$35) -> Технологический отдел | G12: Ведущий специалист | H12: =LOOKUP(G12,Справочники!$B$2:$B$35,Справочники!$C$2:$C$35) -> 17000 | I12: высшее | J12: 39550 | K12: 28420 | L12: =DATEDIF(J12, TODAY(),"Y") -> 14 | M12: =DATEDIF(K12, TODAY(),"Y") -> 45 | N12: =LOOKUP(F12,Справочники!$F$2:$F$10,Справочники!$H$2:$H$10) -> +7(8332)64-32-18
A13: 123 | B13: Чаповская | C13: Марина | D13: Владиславовна | E13: жен | F13: =LOOKUP(G13,Справочники!$B$2:$B$35,Справочники!$A$2:$A$35) -> Технологический отдел | G13: Верстальщик | H13: =LOOKUP(G13,Справочники!$B$2:$B$35,Справочники!$C$2:$C$35) -> 12000 | I13: высшее | J13: 35290 | K13: 22280 | L13: =DATEDIF(J13, TODAY(),"Y") -> 26 | M13: =DATEDIF(K13, TODAY(),"Y") -> 61 | N13: =LOOKUP(F13,Справочники!$F$2:$F$10,Справочники!$H$2:$H$10) -> +7(8332)64-32-18
... A30: 163 | B30: Силкин | C30: Алексей | D30: Сергеевич | E30: муж | F30: =LOOKUP(G30,Справочники!$B$2:$B$35,Справочники!$A$2:$A$35) -> Редакторский отдел | G30: Главный редактор | H30: =LOOKUP(G30,Справочники!$B$2:$B$35,Справочники!$C$2:$C$35) -> 20000 | I30: высшее | J30: 35153 | K30: 24814 | L30: =DATEDIF(J30, TODAY(),"Y") -> 26 | M30: =DATEDIF(K30, TODAY(),"Y") -> 54 | N30: =LOOKUP(F30,Справочники!$F$2:$F$10,Справочники!$H$2:$H$10) -> +7(8332)64-32-01
H31: =SUBTOTAL(1,H2:H30) -> 18689.655 | I31: высшее Среднее
A32: 106 | B32: Левитин | C32: Евгений | D32: Валерьянович | E32: муж | F32: =LOOKUP(G32,Справочники!$B$2:$B$35,Справочники!$A$2:$A$35) -> Бухгалтерия | G32: Бухгалтер | H32: =LOOKUP(G32,Справочники!$B$2:$B$35,Справочники!$C$2:$C$35) -> 12000 | I32: неполное высшее | J32: 42626 | K32: 31062 | L32: =DATEDIF(J32, TODAY(),"Y") -> 6 | M32: =DATEDIF(K32, TODAY(),"Y") -> 37 | N32: =LOOKUP(F32,Справочники!$F$2:$F$10,Справочники!$H$2:$H$10) -> +7(8332)64-32-01
A33: 111 | B33: Прохорова | C33: Татьяна | D33: Петровна | E33: жен | F33: =LOOKUP(G33,Справочники!$B$2:$B$35,Справочники!$A$2:$A$35) -> Управление | G33: Секретарь | H33: =LOOKUP(G33,Справочники!$B$2:$B$35,Справочники!$C$2:$C$35) -> 15000 | I33: неполное высшее | J33: 42960 | K33: 33207 | L33: =DATEDIF(J33, TODAY(),"Y") -> 5 | M33: =DATEDIF(K33, TODAY(),"Y") -> 31 | N33: =LOOKUP(F33,Справочники!$F$2:$F$10,Справочники!$H$2:$H$10) -> +7(8332)64-32-18
A34: 130 | B34: Арбузова | C34: Маргарита | D34: Ивановна | E34: жен | F34: =LOOKUP(G34,Справочники!$B$2:$B$35,Справочники!$A$2:$A$35) -> Управление | G34: Референт | H34: =LOOKUP(G34,Справочники!$B$2:$B$35,Справочники!$C$2:$C$35) -> 15000 | I34: неполное высшее | J34: 42765 | K34: 34714 | L34: =DATEDIF(J34, TODAY(),"Y") -> 5 | M34: =DATEDIF(K34, TODAY(),"Y") -> 27 | N34: =LOOKUP(F34,Справочники!$F$2:$F$10,Справочники!$H$2:$H$10) -> +7(8332)64-32-18
A35: 135 | B35: Кулинич | C35: Людмила | D35: Николаевна | E35: жен | F35: =LOOKUP(G35,Справочники!$B$2:$B$35,Справочники!$A$2:$A$35) -> Технологический отдел | G35: Художник | H35: =LOOKUP(G35,Справочники!$B$2:$B$35,Справочники!$C$2:$C$35) -> 20000 | I35: неполное высшее | J35: 35290 | K35: 23891 | L35: =DATEDIF(J35, TODAY(),"Y") -> 26 | M35: =DATEDIF(K35, TODAY(),"Y") -> 57 | N35: =LOOKUP(F35,Справочники!$F$2:$F$10,Справочники!$H$2:$H$10) -> +7(8332)64-32-18
A36: 136 | B36: Полхова | C36: Мария | D36: Никитична | E36: жен | F36: =LOOKUP(G36,Справочники!$B$2:$B$35,Справочники!$A$2:$A$35) -> Рекламный отдел | G36: Начальник отдела | H36: =LOOKUP(G36,Справочники!$B$2:$B$35,Справочники!$C$2:$C$35) -> 22000 | I36: неполное высшее | J36: 39479 | K36: 27737 | L36: =DATEDIF(J36, TODAY(),"Y") -> 14 | M36: =DATEDIF(K36, TODAY(),"Y") -> 46 | N36: =LOOKUP(F36,Справочники!$F$2:$F$10,Справочники!$H$2:$H$10) -> +7(8332)64-32-01
A37: 137 | B37: Царева | C37: Марина | D37: Игоревна | E37: жен | F37: =LOOKUP(G37,Справочники!$B$2:$B$35,Справочники!$A$2:$A$35) -> Управление | G37: Референт | H37: =LOOKUP(G37,Справочники!$B$2:$B$35,Справочники!$C$2:$C$35) -> 15000 | I37: неполное высшее | J37: 42271 | K37: 33851 | L37: =DATEDIF(J37, TODAY(),"Y") -> 7 | M37: =DATEDIF(K37, TODAY(),"Y") -> 30 | N37: =LOOKUP(F37,Справочники!$F$2:$F$10,Справочники!$H$2:$H$10) -> +7(8332)64-32-18
A38: 140 | B38: Самсонова | C38: Светлана | D38: Андреевна | E38: жен | F38: =LOOKUP(G38,Справочники!$B$2:$B$35,Справочники!$A$2:$A$35) -> Рекламный отдел | G38: Менеджер | H38: =LOOKUP(G38,Справочники!$B$2:$B$35,Справочники!$C$2:$C$35) -> 15000 | I38: неполное высшее | J38: 39641 | K38: 29284 | L38: =DATEDIF(J38, TODAY(),"Y") -> 14 | M38: =DATEDIF(K38, TODAY(),"Y") -> 42 | N38: =LOOKUP(F38,Справочники!$F$2:$F$10,Справочники!$H$2:$H$10) -> +7(8332)64-32-01
A39: 145 | B39: Мамуладзе | C39: Сергей | D39: Петрович | E39: муж | F39: =LOOKUP(G39,Справочники!$B$2:$B$35,Справочники!$A$2:$A$35) -> Склад | G39: Начальник склада | H39: =LOOKUP(G39,Справочники!$B$2:$B$35,Справочники!$C$2:$C$35) -> 22000 | I39: неполное высшее | J39: 34788 | K39: 25204 | L39: =DATEDIF(J39, TODAY(),"Y") -> 27 | M39: =DATEDIF(K39, TODAY(),"Y") -> 53 | N39: =LOOKUP(F39,Справочники!$F$2:$F$10,Справочники!$H$2:$H$10) -> +7(8332)64-32-23
A40: 151 | B40: Каменская | C40: Светлана | D40: Алексендровна | E40: жен | F40: =LOOKUP(G40,Справочники!$B$2:$B$35,Справочники!$A$2:$A$35) -> Редакторский отдел | G40: Зам. гл. редактора | H40: =LOOKUP(G40,Справочники!$B$2:$B$35,Справочники!$C$2:$C$35) -> 19000 | I40: неполное высшее | J40: 35445 | K40: 26821 | L40: =DATEDIF(J40, TODAY(),"Y") -> 25 | M40: =DATEDIF(K40, TODAY(),"Y") -> 49 | N40: =LOOKUP(F40,Справочники!$F$2:$F$10,Справочники!$H$2:$H$10) -> +7(8332)64-32-01
A41: 152 | B41: Карпухина | C41: Лилия | D41: Петровна | E41: жен | F41: =LOOKUP(G41,Справочники!$B$2:$B$35,Справочники!$A$2:$A$35) -> Редакторский отдел | G41: Редактор | H41: =LOOKUP(G41,Справочники!$B$2:$B$35,Справочники!$C$2:$C$35) -> 14000 | I41: неполное высшее | J41: 40998 | K41: 30213 | L41: =DATEDIF(J41, TODAY(),"Y") -> 10 | M41: =DATEDIF(K41, TODAY(),"Y") -> 40 | N41: =LOOKUP(F41,Справочники!$F$2:$F$10,Справочники!$H$2:$H$10) -> +7(8332)64-32-01
A42: 156 | B42: Мосичева | C42: Ирина | D42: Романовна | E42: жен | F42: =LOOKUP(G42,Справочники!$B$2:$B$35,Справочники!$A$2:$A$35) -> Редакторский отдел | G42: Корректор | H42: =LOOKUP(G42,Справочники!$B$2:$B$35,Справочники!$C$2:$C$35) -> 14000 | I42: неполное высшее | J42: 35460 | K42: 21194 | L42: =DATEDIF(J42, TODAY(),"Y") -> 25 | M42: =DATEDIF(K42, TODAY(),"Y") -> 64 | N42: =LOOKUP(F42,Справочники!$F$2:$F$10,Справочники!$H$2:$H$10) -> +7(8332)64-32-01
H43: =SUBTOTAL(1,H32:H42) -> 16636.364 | I43: неполное высшее Среднее
A44: 117 | B44: Мозговая | C44: Елена | D44: Вячеславовна | E44: жен | F44: =LOOKUP(G44,Справочники!$B$2:$B$35,Справочники!$A$2:$A$35) -> Технологический отдел | G44: Машинистка | H44: =LOOKUP(G44,Справочники!$B$2:$B$35,Справочники!$C$2:$C$35) -> 12000 | I44: среднее | J44: 35445 | K44: 26821 | L44: =DATEDIF(J44, TODAY(),"Y") -> 25 | M44: =DATEDIF(K44, TODAY(),"Y") -> 49 | N44: =LOOKUP(F44,Справочники!$F$2:$F$10,Справочники!$H$2:$H$10) -> +7(8332)64-32-18
A45: 124 | B45: Эль-фалах | C45: Наима | D45: Николаевна | E45: жен | F45: =LOOKUP(G45,Справочники!$B$2:$B$35,Справочники!$A$2:$A$35) -> Технологический отдел | G45: Технолог | H45: =LOOKUP(G45,Справочники!$B$2:$B$35,Справочники!$C$2:$C$35) -> 15000 | I45: среднее | J45: 35451 | K45: 27551 | L45: =DATEDIF(J45, TODAY(),"Y") -> 25 | M45: =DATEDIF(K45, TODAY(),"Y") -> 47 | N45: =LOOKUP(F45,Справочники!$F$2:$F$10,Справочники!$H$2:$H$10) -> +7(8332)64-32-18
A46: 125 | B46: Юматова | C46: Татьяна | D46: Сергеевна | E46: жен | F46: =LOOKUP(G46,Справочники!$B$2:$B$35,Справочники!$A$2:$A$35) -> Технологический отдел | G46: Верстальщик | H46: =LOOKUP(G46,Справочники!$B$2:$B$35,Справочники!$C$2:$C$35) -> 12000 | I46: среднее | J46: 35290 | K46: 22065 | L46: =DATEDIF(J46, TODAY(),"Y") -> 26 | M46: =DATEDIF(K46, TODAY(),"Y") -> 62 | N46: =LOOKUP(F46,Справочники!$F$2:$F$10,Справочники!$H$2:$H$10) -> +7(8332)64-32-18
A47: 142 | B47: Георгиева | C47: Ульяна | D47: Сергеевна | E47: жен | F47: =LOOKUP(G47,Справочники!$B$2:$B$35,Справочники!$A$2:$A$35) -> Склад | G47: Кладовщик | H47: =LOOKUP(G47,Справочники!$B$2:$B$35,Справочники!$C$2:$C$35) -> 15000 | I47: среднее | J47: 34955 | K47: 24134 | L47: =DATEDIF(J47, TODAY(),"Y") -> 27 | M47: =DATEDIF(K47, TODAY(),"Y") -> 56 | N47: =LOOKUP(F47,Справочники!$F$2:$F$10,Справочники!$H$2:$H$10) -> +7(8332)64-32-23
A48: 143 | B48: Веселов | C48: Аркадий | D48: Тимофеевич | E48: муж | F48: =LOOKUP(G48,Справочники!$B$2:$B$35,Справочники!$A$2:$A$35) -> Склад | G48: Грузчик | H48: =LOOKUP(G48,Справочники!$B$2:$B$35,Справочники!$C$2:$C$35) -> 11000 | I48: среднее | J48: 42016 | K48: 30232 | L48: =DATEDIF(J48, TODAY(),"Y") -> 7 | M48: =DATEDIF(K48, TODAY(),"Y") -> 40 | N48: =LOOKUP(F48,Справочники!$F$2:$F$10,Справочники!$H$2:$H$10) -> +7(8332)64-32-23
A49: 144 | B49: Ильин | C49: Станислав | D49: Алексендрович | E49: муж | F49: =LOOKUP(G49,Справочники!$B$2:$B$35,Справочники!$A$2:$A$35) -> Склад | G49: Грузчик | H49: =LOOKUP(G49,Справочники!$B$2:$B$35,Справочники!$C$2:$C$35) -> 11000 | I49: среднее | J49: 43115 | K49: 33207 | L49: =DATEDIF(J49, TODAY(),"Y") -> 4 | M49: =DATEDIF(K49, TODAY(),"Y") -> 31 | N49: =LOOKUP(F49,Справочники!$F$2:$F$10,Справочники!$H$2:$H$10) -> +7(8332)64-32-23
A50: 146 | B50: Парамонов | C50: Валерий | D50: Виталиевич | E50: муж | F50: =LOOKUP(G50,Справочники!$B$2:$B$35,Справочники!$A$2:$A$35) -> Склад | G50: Кладовщик | H50: =LOOKUP(G50,Справочники!$B$2:$B$35,Справочники!$C$2:$C$35) -> 15000 | I50: среднее | J50: 35032 | K50: 26821 | L50: =DATEDIF(J50, TODAY(),"Y") -> 26 | M50: =DATEDIF(K50, TODAY(),"Y") -> 49 | N50: =LOOKUP(F50,Справочники!$F$2:$F$10,Справочники!$H$2:$H$10) -> +7(8332)64-32-23
A51: 147 | B51: Сильченко | C51: Савелий | D51: Романович | E51: муж | F51: =LOOKUP(G51,Справочники!$B$2:$B$35,Справочники!$A$2:$A$35) -> Склад | G51: Грузчик | H51: =LOOKUP(G51,Справочники!$B$2:$B$35,Справочники!$C$2:$C$35) -> 11000 | I51: среднее | J51: 42399 | K51: 33858 | L51: =DATEDIF(J51, TODAY(),"Y") -> 6 | M51: =DATEDIF(K51, TODAY(),"Y") -> 30 | N51: =LOOKUP(F51,Справочники!$F$2:$F$10,Справочники!$H$2:$H$10) -> +7(8332)64-32-23
A52: 149 | B52: Старшинов | C52: Федор | D52: Дмитриевич | E52: муж | F52: =LOOKUP(G52,Справочники!$B$2:$B$35,Справочники!$A$2:$A$35) -> Транспортный отдел | G52: Водитель | H52: =LOOKUP(G52,Справочники!$B$2:$B$35,Справочники!$C$2:$C$35) -> 12000 | I52: среднее | J52: 34759 | K52: 25186 | L52: =DATEDIF(J52, TODAY(),"Y") -> 27 | M52: =DATEDIF(K52, TODAY(),"Y") -> 53 | N52: =LOOKUP(F52,Справочники!$F$2:$F$10,Справочники!$H$2:$H$10) -> +7(8332)64-32-18
A53: 164 | B53: Толоконникова | C53: Майя | D53: Кириловна | E53: жен | F53: =LOOKUP(G53,Справочники!$B$2:$B$35,Справочники!$A$2:$A$35) -> Транспортный отдел | G53: Диспетчер | H53: =LOOKUP(G53,Справочники!$B$2:$B$35,Справочники!$C$2:$C$35) -> 12000 | I53: среднее | J53: 43438 | K53: 34714 | L53: =DATEDIF(J53, TODAY(),"Y") -> 3 | M53: =DATEDIF(K53, TODAY(),"Y") -> 27 | N53: =LOOKUP(F53,Справочники!$F$2:$F$10,Справочники!$H$2:$H$10) -> +7(8332)64-32-18
H54: =SUBTOTAL(1,H44:H53) -> 12600 | I54: среднее Среднее
A55: 103 | B55: Иванова | C55: Людмила | D55: Петровна | E55: жен | F55: =LOOKUP(G55,Справочники!$B$2:$B$35,Справочники!$A$2:$A$35) -> Бухгалтерия | G55: Кассир | H55: =LOOKUP(G55,Справочники!$B$2:$B$35,Справочники!$C$2:$C$35) -> 12000 | I55: среднее специальное | J55: 42962 | K55: 34762 | L55: =DATEDIF(J55, TODAY(),"Y") -> 5 | M55: =DATEDIF(K55, TODAY(),"Y") -> 27 | N55: =LOOKUP(F55,Справочники!$F$2:$F$10,Справочники!$H$2:$H$10) -> +7(8332)64-32-01
A56: 107 | B56: Богуславская | C56: Дарья | D56: Вячеславовна | E56: жен | F56: =LOOKUP(G56,Справочники!$B$2:$B$35,Справочники!$A$2:$A$35) -> Управление | G56: Референт | H56: =LOOKUP(G56,Справочники!$B$2:$B$35,Справочники!$C$2:$C$35) -> 15000 | I56: среднее специальное | J56: 39956 | K56: 30254 | L56: =DATEDIF(J56, TODAY(),"Y") -> 13 | M56: =DATEDIF(K56, TODAY(),"Y") -> 40 | N56: =LOOKUP(F56,Справочники!$F$2:$F$10,Справочники!$H$2:$H$10) -> +7(8332)64-32-18
A57: 115 | B57: Кипарисова | C57: Ирина | D57: Петровна | E57: жен | F57: =LOOKUP(G57,Справочники!$B$2:$B$35,Справочники!$A$2:$A$35) -> Технологический отдел | G57: Машинистка | H57: =LOOKUP(G57,Справочники!$B$2:$B$35,Справочники!$C$2:$C$35) -> 12000 | I57: среднее специальное | J57: 35096 | K57: 26553 | L57: =DATEDIF(J57, TODAY(),"Y") -> 26 | M57: =DATEDIF(K57, TODAY(),"Y") -> 50 | N57: =LOOKUP(F57,Справочники!$F$2:$F$10,Справочники!$H$2:$H$10) -> +7(8332)64-32-18
A58: 116 | B58: Макарова | C58: Элина | D58: Дмитриевна | E58: жен | F58: =LOOKUP(G58,Справочники!$B$2:$B$35,Справочники!$A$2:$A$35) -> Технологический отдел | G58: Технолог | H58: =LOOKUP(G58,Справочники!$B$2:$B$35,Справочники!$C$2:$C$35) -> 15000 | I58: среднее специальное | J58: 35292 | K58: 25810 | L58: =DATEDIF(J58, TODAY(),"Y") -> 26 | M58: =DATEDIF(K58, TODAY(),"Y") -> 52 | N58: =LOOKUP(F58,Справочники!$F$2:$F$10,Справочники!$H$2:$H$10) -> +7(8332)64-32-18
A59: 118 | B59: Орлова | C59: Марина | D59: Геннадиевна | E59: жен | F59: =LOOKUP(G59,Справочники!$B$2:$B$35,Справочники!$A$2:$A$35) -> Технологический отдел | G59: Верстальщик | H59: =LOOKUP(G59,Справочники!$B$2:$B$35,Справочники!$C$2:$C$35) -> 12000 | I59: среднее специальное | J59: 36303 | K59: 25641 | L59: =DATEDIF(J59, TODAY(),"Y") -> 23 | M59: =DATEDIF(K59, TODAY(),"Y") -> 52 | N59: =LOOKUP(F59,Справочники!$F$2:$F$10,Справочники!$H$2:$H$10) -> +7(8332)64-32-18
A60: 120 | B60: Саламатина | C60: Татьяна | D60: Федоровна | E60: жен | F60: =LOOKUP(G60,Справочники!$B$2:$B$35,Справочники!$A$2:$A$35) -> Технологический отдел | G60: Технический корректор | H60: =LOOKUP(G60,Справочники!$B$2:$B$35,Справочники!$C$2:$C$35) -> 14000 | I60: среднее специальное | J60: 35442 | K60: 24134 | L60: =DATEDIF(J60, TODAY(),"Y") -> 25 | M60: =DATEDIF(K60, TODAY(),"Y") -> 56 | N60: =LOOKUP(F60,Справочники!$F$2:$F$10,Справочники!$H$2:$H$10) -> +7(8332)64-32-18
A61: 121 | B61: Сидоренко | C61: Людмила | D61: Борисовна | E61: жен | F61: =LOOKUP(G61,Справочники!$B$2:$B$35,Справочники!$A$2:$A$35) -> Технологический отдел | G61: Технический корректор | H61: =LOOKUP(G61,Справочники!$B$2:$B$35,Справочники!$C$2:$C$35) -> 14000 | I61: среднее специальное | J61: 39845 | K61: 31391 | L61: =DATEDIF(J61, TODAY(),"Y") -> 13 | M61: =DATEDIF(K61, TODAY(),"Y") -> 36 | N61: =LOOKUP(F61,Справочники!$F$2:$F$10,Справочники!$H$2:$H$10) -> +7(8332)64-32-18
A62: 122 | B62: Синицына | C62: Вера | D62: Николаевна | E62: жен | F62: =LOOKUP(G62,Справочники!$B$2:$B$35,Справочники!$A$2:$A$35) -> Технологический отдел | G62: Технический специалист | H62: =LOOKUP(G62,Справочники!$B$2:$B$35,Справочники!$C$2:$C$35) -> 14000 | I62: среднее специальное | J62: 36427 | K62: 24846 | L62: =DATEDIF(J62, TODAY(),"Y") -> 23 | M62: =DATEDIF(K62, TODAY(),"Y") -> 54 | N62: =LOOKUP(F62,Справочники!$F$2:$F$10,Справочники!$H$2:$H$10) -> +7(8332)64-32-18
A63: 128 | B63: Курносов | C63: Александр | D63: Дмитриевич | E63: муж | F63: =LOOKUP(G63,Справочники!$B$2:$B$35,Справочники!$A$2:$A$35) -> Рекламный отдел | G63: Специалист по рекламе | H63: =LOOKUP(G63,Справочники!$B$2:$B$35,Справочники!$C$2:$C$35) -> 18000 | I63: среднее специальное | J63: 42260 | K63: 32292 | L63: =DATEDIF(J63, TODAY(),"Y") -> 7 | M63: =DATEDIF(K63, TODAY(),"Y") -> 34 | N63: =LOOKUP(F63,Справочники!$F$2:$F$10,Справочники!$H$2:$H$10) -> +7(8332)64-32-01
A64: 132 | B64: Ильинский | C64: Владимир | D64: Валерьянович | E64: муж | F64: =LOOKUP(G64,Справочники!$B$2:$B$35,Справочники!$A$2:$A$35) -> Отдел продаж | G64: Менеджер | H64: =LOOKUP(G64,Справочники!$B$2:$B$35,Справочники!$C$2:$C$35) -> 15000 | I64: среднее специальное | J64: 41306 | K64: 33115 | L64: =DATEDIF(J64, TODAY(),"Y") -> 9 | M64: =DATEDIF(K64, TODAY(),"Y") -> 32 | N64: =LOOKUP(F64,Справочники!$F$2:$F$10,Справочники!$H$2:$H$10) -> +7(8332)64-32-01
A65: 139 | B65: Белозерова | C65: Ольга | D65: Владимировна | E65: жен | F65: =LOOKUP(G65,Справочники!$B$2:$B$35,Справочники!$A$2:$A$35) -> Управление | G65: Референт | H65: =LOOKUP(G65,Справочники!$B$2:$B$35,Справочники!$C$2:$C$35) -> 15000 | I65: среднее специальное | J65: 41697 | K65: 33022 | L65: =DATEDIF(J65, TODAY(),"Y") -> 8 | M65: =DATEDIF(K65, TODAY(),"Y") -> 32 | N65: =LOOKUP(F65,Справочники!$F$2:$F$10,Справочники!$H$2:$H$10) -> +7(8332)64-32-18
A66: 157 | B66: Осокина | C66: Римма | D66: Леонидовна | E66: жен | F66: =LOOKUP(G66,Справочники!$B$2:$B$35,Справочники!$A$2:$A$35) -> Технологический отдел | G66: Машинистка | H66: =LOOKUP(G66,Справочники!$B$2:$B$35,Справочники!$C$2:$C$35) -> 12000 | I66: среднее специальное | J66: 39887 | K66: 30205 | L66: =DATEDIF(J66, TODAY(),"Y") -> 13 | M66: =DATEDIF(K66, TODAY(),"Y") -> 40 | N66: =LOOKUP(F66,Справочники!$F$2:$F$10,Справочники!$H$2:$H$10) -> +7(8332)64-32-18
... A68: 162 | B68: Савченков | C68: Андрей | D68: Николаевич | E68: муж | F68: =LOOKUP(G68,Справочники!$B$2:$B$35,Справочники!$A$2:$A$35) -> Транспортный отдел | G68: Водитель | H68: =LOOKUP(G68,Справочники!$B$2:$B$35,Справочники!$C$2:$C$35) -> 12000 | I68: среднее специальное | J68: 32023 | K68: 22893 | L68: =DATEDIF(J68, TODAY(),"Y") -> 35 | M68: =DATEDIF(K68, TODAY(),"Y") -> 60 | N68: =LOOKUP(F68,Справочники!$F$2:$F$10,Справочники!$H$2:$H$10) -> +7(8332)64-32-18
H69: =SUBTOTAL(1,H55:H68) -> 13714.286 | I69: среднее специальное Среднее
H70: =SUBTOTAL(1,H2:H68) -> 16296.875 | I70: Общее среднее
G73: Средний оклад у сотрудников с высшим образованием = 18 689,66 рублей

Sheet 4.1
A3: Количество по полю Табельный номер | B3: Названия столбцов
A4: Названия строк | B4: жен | C4: муж | D4: Общий итог
A5: Бухгалтерия | B5: 4 | C5: 2 | D5: 6
A6: Отдел продаж | C6: 1 | D6: 1
A7: Отдел худ. оформления | B7: 1 | C7: 1 | D7: 2
A8: Редакторский отдел | B8: 10 | C8: 1 | D8: 11
A9: Рекламный отдел | B9: 3 | C9: 7 | D9: 10
A10: Склад | B10: 1 | C10: 5 | D10: 6
A11: Технологический отдел | B11: 15 | C11: 1 | D11: 16
A12: Транспортный отдел | B12: 1 | C12: 3 | D12: 4
A13: Управление | B13: 6 | C13: 2 | D13: 8
A14: Общий итог | B14: 41 | C14: 23 | D14: 64

Sheet 4.2
A3: Среднее по полю Оклад | B3: пол
A4: Образование | B4: жен | C4: муж | D4: Общий итог
A5: высшее | B5: 16823.529 | C5: 21333.333 | D5: 18689.655
A6: неполное высшее | B6: 16555.556 | C6: 17000 | D6: 16636.364
A7: среднее | B7: 13200 | C7: 12000 | D7: 12600
A8: среднее специальное | B8: 13500 | C8: 14250 | D8: 13714.286
A9: Общий итог | B9: 15512.195 | C9: 17695.652 | D9: 16296.875

Sheet 4.3
A3: Отдел | B3: Сумма по полю Премия
A4: Бухгалтерия | B4: 8800
A5: Отдел продаж | B5: 1500
A6: Отдел худ. оформления | B6: 3600
A7: Редакторский отдел | B7: 16900
A8: Рекламный отдел | B8: 16900
A9: Склад | B9: 7400
A10: Технологический отдел | B10: 22100
A11: Транспортный отдел | B11: 3600
A12: Управление | B12: 16800
A13: Общий итог | B13: 97600

Sheet 4.4
B3: пол
B4: жен | D4: муж | F4: Итог Максимум Возраст | G4: Итог Максимум Стаж
A5: Отдел | B5: Максимум Возраст | C5: Максимум Стаж | D5: Максимум Возраст | E5: Максимум Стаж
A6: Рекламный отдел | B6: 53 | C6: 27 | D6: 46 | E6: 14 | F6: 53 | G6: 27
A7: Управление | B7: 49 | C7: 28 | D7: 46 | E7: 17 | F7: 49 | G7: 28
A8: Общий итог | B8: 53 | C8: 28 | D8: 46 | E8: 17 | F8: 53 | G8: 28

Sheet Квартал IV
A1: Отдел | B1: Всего оклад | C1: Всего премия | D1: Всего районный коэффициент | E1: Всего начислено | F1: Всего НДФЛ | G1: Всего к выдаче | H1: Табельный номер | I1: Фамилия | J1: Имя | K1: Отчество | L1: Должность
A2: =LOOKUP(L2,Справочники!$B$2:$B$35,Справочники!$A$2:$A$35) -> Бухгалтерия | B2: =Октябрь!E4+Ноябрь!E4+Декабрь!E4 -> 36000 | C2: =Октябрь!F4+Ноябрь!F4+Декабрь!F4 -> 9451.0811 | D2: =Октябрь!G4+Ноябрь!G4+Декабрь!G4 -> 5400 | E2: =B2+C2+D2 -> 50851.081 | F2: =Октябрь!I4+Ноябрь!I4+Декабрь!I4 -> 6610.6405 | G2: =E2-F2 -> 44240.441 | L2: Бухгалтер
A3: =LOOKUP(L3,Справочники!$B$2:$B$35,Справочники!$A$2:$A$35) -> Бухгалтерия | B3: =Октябрь!E5+Ноябрь!E5+Декабрь!E5 -> 51000 | C3: =Октябрь!F5+Ноябрь!F5+Декабрь!F5 -> 13389.032 | D3: =Октябрь!G5+Ноябрь!G5+Декабрь!G5 -> 7650 | E3: =B3+C3+D3 -> 72039.032 | F3: =Октябрь!I5+Ноябрь!I5+Декабрь!I5 -> 9365.0741 | G3: =E3-F3 -> 62673.957 | L3: Зам. гл. бухгалтера
A4: =LOOKUP(L4,Справочники!$B$2:$B$35,Справочники!$A$2:$A$35) -> Бухгалтерия | B4: =Октябрь!E11+Ноябрь!E11+Декабрь!E11 -> 60000 | C4: =Октябрь!F11+Ноябрь!F11+Декабрь!F11 -> 15751.802 | D4: =Октябрь!G11+Ноябрь!G11+Декабрь!G11 -> 9000 | E4: =B4+C4+D4 -> 84751.802 | F4: =Октябрь!I11+Ноябрь!I11+Декабрь!I11 -> 11017.734 | G4: =E4-F4 -> 73734.068 | L4: Главный бухгалтер
A5: =LOOKUP(L5,Справочники!$B$2:$B$35,Справочники!$A$2:$A$35) -> Бухгалтерия | B5: =Октябрь!E17+Ноябрь!E17+Декабрь!E17 -> 36000 | C5: =Октябрь!F17+Ноябрь!F17+Декабрь!F17 -> 9451.0811 | D5: =Октябрь!G17+Ноябрь!G17+Декабрь!G17 -> 5400 | E5: =B5+C5+D5 -> 50851.081 | F5: =Октябрь!I17+Ноябрь!I17+Декабрь!I17 -> 6610.6405 | G5: =E5-F5 -> 44240.441 | L5: Кассир
A6: =LOOKUP(L6,Справочники!$B$2:$B$35,Справочники!$A$2:$A$35) -> Бухгалтерия | B6: =Октябрь!E31+Ноябрь!E31+Декабрь!E31 -> 36000 | C6: =Октябрь!F31+Ноябрь!F31+Декабрь!F31 -> 9451.0811 | D6: =Октябрь!G31+Ноябрь!G31+Декабрь!G31 -> 5400 | E6: =B6+C6+D6 -> 50851.081 | F6: =Октябрь!I31+Ноябрь!I31+Декабрь!I31 -> 6610.6405 | G6: =E6-F6 -> 44240.441 | L6: Бухгалтер
A7: =LOOKUP(L7,Справочники!$B$2:$B$35,Справочники!$A$2:$A$35) -> Бухгалтерия | B7: =Октябрь!E32+Ноябрь!E32+Декабрь!E32 -> 45000 | C7: =Октябрь!F32+Ноябрь!F32+Декабрь!F32 -> 11813.851 | D7: =Октябрь!G32+Ноябрь!G32+Декабрь!G32 -> 6750 | E7: =B7+C7+D7 -> 63563.851 | F7: =Октябрь!I32+Ноябрь!I32+Декабрь!I32 -> 8263.3007 | G7: =E7-F7 -> 55300.551 | L7: Экономист
A8: Бухгалтерия Итог | B8: =SUBTOTAL(9,B2:B7) -> 264000 | C8: =SUBTOTAL(9,C2:C7) -> 69307.928 | D8: =SUBTOTAL(9,D2:D7) -> 39600 | E8: =SUBTOTAL(9,E2:E7) -> 372907.93 | F8: =SUBTOTAL(9,F2:F7) -> 48478.031 | G8: =SUBTOTAL(9,G2:G7) -> 324429.9
A9: =LOOKUP(L9,Справочники!$B$2:$B$35,Справочники!$A$2:$A$35) -> Отдел продаж | B9: =Октябрь!E19+Ноябрь!E19+Декабрь!E19 -> 45000 | C9: =Октябрь!F19+Ноябрь!F19+Декабрь!F19 -> 11813.851 | D9: =Октябрь!G19+Ноябрь!G19+Декабрь!G19 -> 6750 | E9: =B9+C9+D9 -> 63563.851 | F9: =Октябрь!I19+Ноябрь!I19+Декабрь!I19 -> 8263.3007 | G9: =E9-F9 -> 55300.551 | L9: Менеджер
A10: Отдел продаж Итог | B10: =SUBTOTAL(9,B9:B9) -> 45000 | C10: =SUBTOTAL(9,C9:C9) -> 11813.851 | D10: =SUBTOTAL(9,D9:D9) -> 6750 | E10: =SUBTOTAL(9,E9:E9) -> 63563.851 | F10: =SUBTOTAL(9,F9:F9) -> 8263.3007 | G10: =SUBTOTAL(9,G9:G9) -> 55300.551
A11: =LOOKUP(L11,Справочники!$B$2:$B$35,Справочники!$A$2:$A$35) -> Отдел худ. оформления | B11: =Октябрь!E24+Ноябрь!E24+Декабрь!E24 -> 54000 | C11: =Октябрь!F24+Ноябрь!F24+Декабрь!F24 -> 14176.622 | D11: =Октябрь!G24+Ноябрь!G24+Декабрь!G24 -> 8100 | E11: =B11+C11+D11 -> 76276.622 | F11: =Октябрь!I24+Ноябрь!I24+Декабрь!I24 -> 9915.9608 | G11: =E11-F11 -> 66360.661 | L11: Зам. начальника отдела
A12: =LOOKUP(L12,Справочники!$B$2:$B$35,Справочники!$A$2:$A$35) -> Отдел худ. оформления | B12: =Октябрь!E64+Ноябрь!E64+Декабрь!E64 -> 54000 | C12: =Октябрь!F64+Ноябрь!F64+Декабрь!F64 -> 14176.622 | D12: =Октябрь!G64+Ноябрь!G64+Декабрь!G64 -> 8100 | E12: =B12+C12+D12 -> 76276.622 | F12: =Октябрь!I64+Ноябрь!I64+Декабрь!I64 -> 9915.9608 | G12: =E12-F12 -> 66360.661 | L12: Зам. начальника отдела
A13: Отдел худ. оформления Итог | B13: =SUBTOTAL(9,B11:B12) -> 108000 | C13: =SUBTOTAL(9,C11:C12) -> 28353.243 | D13: =SUBTOTAL(9,D11:D12) -> 16200 | E13: =SUBTOTAL(9,E11:E12) -> 152553.24 | F13: =SUBTOTAL(9,F11:F12) -> 19831.922 | G13: =SUBTOTAL(9,G11:G12) -> 132721.32
A14: =LOOKUP(L14,Справочники!$B$2:$B$35,Справочники!$A$2:$A$35) -> Редакторский отдел | B14: =Октябрь!E9+Ноябрь!E9+Декабрь!E9 -> 48000 | C14: =Октябрь!F9+Ноябрь!F9+Декабрь!F9 -> 12601.441 | D14: =Октябрь!G9+Ноябрь!G9+Декабрь!G9 -> 7200 | E14: =B14+C14+D14 -> 67801.441 | F14: =Октябрь!I9+Ноябрь!I9+Декабрь!I9 -> 8814.1874 | G14: =E14-F14 -> 58987.254 | L14: Переводчик
A15: =LOOKUP(L15,Справочники!$B$2:$B$35,Справочники!$A$2:$A$35) -> Редакторский отдел | B15: =Октябрь!E20+Ноябрь!E20+Декабрь!E20 -> 57000 | C15: =Октябрь!F20+Ноябрь!F20+Декабрь!F20 -> 14964.212 | D15: =Октябрь!G20+Ноябрь!G20+Декабрь!G20 -> 8550 | E15: =B15+C15+D15 -> 80514.212 | F15: =Октябрь!I20+Ноябрь!I20+Декабрь!I20 -> 10466.848 | G15: =E15-F15 -> 70047.364 | L15: Зам. гл. редактора
A16: =LOOKUP(L16,Справочники!$B$2:$B$35,Справочники!$A$2:$A$35) -> Редакторский отдел | B16: =Октябрь!E22+Ноябрь!E22+Декабрь!E22 -> 42000 | C16: =Октябрь!F22+Ноябрь!F22+Декабрь!F22 -> 11026.261 | D16: =Октябрь!G22+Ноябрь!G22+Декабрь!G22 -> 6300 | E16: =B16+C16+D16 -> 59326.261 | F16: =Октябрь!I22+Ноябрь!I22+Декабрь!I22 -> 7712.414 | G16: =E16-F16 -> 51613.847 | L16: Редактор
A17: =LOOKUP(L17,Справочники!$B$2:$B$35,Справочники!$A$2:$A$35) -> Редакторский отдел | B17: =Октябрь!E26+Ноябрь!E26+Декабрь!E26 -> 48000 | C17: =Октябрь!F26+Ноябрь!F26+Декабрь!F26 -> 12601.441 | D17: =Октябрь!G26+Ноябрь!G26+Декабрь!G26 -> 7200 | E17: =B17+C17+D17 -> 67801.441 | F17: =Октябрь!I26+Ноябрь!I26+Декабрь!I26 -> 8814.1874 | G17: =E17-F17 -> 58987.254 | L17: Переводчик
A18: =LOOKUP(L18,Справочники!$B$2:$B$35,Справочники!$A$2:$A$35) -> Редакторский отдел | B18: =Октябрь!E27+Ноябрь!E27+Декабрь!E27 -> 42000 | C18: =Октябрь!F27+Ноябрь!F27+Декабрь!F27 -> 11026.261 | D18: =Октябрь!G27+Ноябрь!G27+Декабрь!G27 -> 6300 | E18: =B18+C18+D18 -> 59326.261 | F18: =Октябрь!I27+Ноябрь!I27+Декабрь!I27 -> 7712.414 | G18: =E18-F18 -> 51613.847 | L18: Редактор
A19: =LOOKUP(L19,Справочники!$B$2:$B$35,Справочники!$A$2:$A$35) -> Редакторский отдел | B19: =Октябрь!E28+Ноябрь!E28+Декабрь!E28 -> 42000 | C19: =Октябрь!F28+Ноябрь!F28+Декабрь!F28 -> 11026.261 | D19: =Октябрь!G28+Ноябрь!G28+Декабрь!G28 -> 6300 | E19: =B19+C19+D19 -> 59326.261 | F19: =Октябрь!I28+Ноябрь!I28+Декабрь!I28 -> 7712.414 | G19: =E19-F19 -> 51613.847 | L19: Корректор
A20: =LOOKUP(L20,Справочники!$B$2:$B$35,Справочники!$A$2:$A$35) -> Редакторский отдел | B20: =Октябрь!E37+Ноябрь!E37+Декабрь!E37 -> 42000 | C20: =Октябрь!F37+Ноябрь!F37+Декабрь!F37 -> 11026.261 | D20: =Октябрь!G37+Ноябрь!G37+Декабрь!G37 -> 6300 | E20: =B20+C20+D20 -> 59326.261 | F20: =Октябрь!I37+Ноябрь!I37+Декабрь!I37 -> 7712.414 | G20: =E20-F20 -> 51613.847 | L20: Корректор
A21: =LOOKUP(L21,Справочники!$B$2:$B$35,Справочники!$A$2:$A$35) -> Редакторский отдел | B21: =Октябрь!E43+Ноябрь!E43+Декабрь!E43 -> 42000 | C21: =Октябрь!F43+Ноябрь!F43+Декабрь!F43 -> 11026.261 | D21: =Октябрь!G43+Ноябрь!G43+Декабрь!G43 -> 6300 | E21: =B21+C21+D21 -> 59326.261 | F21: =Октябрь!I43+Ноябрь!I43+Декабрь!I43 -> 7712.414 | G21: =E21-F21 -> 51613.847 | L21: Редактор
A22: =LOOKUP(L22,Справочники!$B$2:$B$35,Справочники!$A$2:$A$35) -> Редакторский отдел | B22: =Октябрь!E50+Ноябрь!E50+Декабрь!E50 -> 60000 | C22: =Октябрь!F50+Ноябрь!F50+Декабрь!F50 -> 15751.802 | D22: =Октябрь!G50+Ноябрь!G50+Декабрь!G50 -> 9000 | E22: =B22+C22+D22 -> 84751.802 | F22: =Октябрь!I50+Ноябрь!I50+Декабрь!I50 -> 11017.734 | G22: =E22-F22 -> 73734.068 | L22: Главный редактор
A23: =LOOKUP(L23,Справочники!$B$2:$B$35,Справочники!$A$2:$A$35) -> Редакторский отдел | B23: =Октябрь!E53+Ноябрь!E53+Декабрь!E53 -> 42000 | C23: =Октябрь!F53+Ноябрь!F53+Декабрь!F53 -> 11026.261 | D23: =Октябрь!G53+Ноябрь!G53+Декабрь!G53 -> 6300 | E23: =B23+C23+D23 -> 59326.261 | F23: =Октябрь!I53+Ноябрь!I53+Декабрь!I53 -> 7712.414 | G23: =E23-F23 -> 51613.847 | L23: Корректор
A24: =LOOKUP(L24,Справочники!$B$2:$B$35,Справочники!$A$2:$A$35) -> Редакторский отдел | B24: =Октябрь!E59+Ноябрь!E59+Декабрь!E59 -> 42000 | C24: =Октябрь!F59+Ноябрь!F59+Декабрь!F59 -> 11026.261 | D24: =Октябрь!G59+Ноябрь!G59+Декабрь!G59 -> 6300 | E24: =B24+C24+D24 -> 59326.261 | F24: =Октябрь!I59+Ноябрь!I59+Декабрь!I59 -> 7712.414 | G24: =E24-F24 -> 51613.847 | L24: Корректор
A25: Редакторский отдел Итог | B25: =SUBTOTAL(9,B14:B24) -> 507000 | C25: =SUBTOTAL(9,C14:C24) -> 133102.73 | D25: =SUBTOTAL(9,D14:D24) -> 76050 | E25: =SUBTOTAL(9,E14:E24) -> 716152.73 | F25: =SUBTOTAL(9,F14:F24) -> 93099.854 | G25: =SUBTOTAL(9,G14:G24) -> 623052.87
A26: =LOOKUP(L26,Справочники!$B$2:$B$35,Справочники!$A$2:$A$35) -> Рекламный отдел | B26: =Октябрь!E25+Ноябрь!E25+Декабрь!E25 -> 66000 | C26: =Октябрь!F25+Ноябрь!F25+Декабрь!F25 -> 17326.982 | D26: =Октябрь!G25+Ноябрь!G25+Декабрь!G25 -> 9900 | E26: =B26+C26+D26 -> 93226.982 | F26: =Октябрь!I25+Ноябрь!I25+Декабрь!I25 -> 12119.508 | G26: =E26-F26 -> 81107.474 | L26: Начальник отдела
A27: =LOOKUP(L27,Справочники!$B$2:$B$35,Справочники!$A$2:$A$35) -> Рекламный отдел | B27: =Октябрь!E30+Ноябрь!E30+Декабрь!E30 -> 54000 | C27: =Октябрь!F30+Ноябрь!F30+Декабрь!F30 -> 14176.622 | D27: =Октябрь!G30+Ноябрь!G30+Декабрь!G30 -> 8100 | E27: =B27+C27+D27 -> 76276.622 | F27: =Октябрь!I30+Ноябрь!I30+Декабрь!I30 -> 9915.9608 | G27: =E27-F27 -> 66360.661 | L27: Специалист по рекламе
A28: =LOOKUP(L28,Справочники!$B$2:$B$35,Справочники!$A$2:$A$35) -> Рекламный отдел | B28: =Октябрь!E34+Ноябрь!E34+Декабрь!E34 -> 66000 | C28: =Октябрь!F34+Ноябрь!F34+Декабрь!F34 -> 17326.982 | D28: =Октябрь!G34+Ноябрь!G34+Декабрь!G34 -> 9900 | E28: =B28+C28+D28 -> 93226.982 | F28: =Октябрь!I34+Ноябрь!I34+Декабрь!I34 -> 12119.508 | G28: =E28-F28 -> 81107.474 | L28: Начальник отдела
A29: =LOOKUP(L29,Справочники!$B$2:$B$35,Справочники!$A$2:$A$35) -> Рекламный отдел | B29: =Октябрь!E41+Ноябрь!E41+Декабрь!E41 -> 66000 | C29: =Октябрь!F41+Ноябрь!F41+Декабрь!F41 -> 17326.982 | D29: =Октябрь!G41+Ноябрь!G41+Декабрь!G41 -> 9900 | E29: =B29+C29+D29 -> 93226.982 | F29: =Октябрь!I41+Ноябрь!I41+Декабрь!I41 -> 12119.508 | G29: =E29-F29 -> 81107.474 | L29: Начальник отдела
A30: =LOOKUP(L30,Справочники!$B$2:$B$35,Справочники!$A$2:$A$35) -> Рекламный отдел | B30: =Октябрь!E42+Ноябрь!E42+Декабрь!E42 -> 66000 | C30: =Октябрь!F42+Ноябрь!F42+Декабрь!F42 -> 17326.982 | D30: =Октябрь!G42+Ноябрь!G42+Декабрь!G42 -> 9900 | E30: =B30+C30+D30 -> 93226.982 | F30: =Октябрь!I42+Ноябрь!I42+Декабрь!I42 -> 12119.508 | G30: =E30-F30 -> 81107.474 | L30: Начальник отдела
A31: =LOOKUP(L31,Справочники!$B$2:$B$35,Справочники!$A$2:$A$35) -> Рекламный отдел | B31: =Октябрь!E48+Ноябрь!E48+Декабрь!E48 -> 45000 | C31: =Октябрь!F48+Ноябрь!F48+Декабрь!F48 -> 11813.851 | D31: =Октябрь!G48+Ноябрь!G48+Декабрь!G48 -> 6750 | E31: =B31+C31+D31 -> 63563.851 | F31: =Октябрь!I48+Ноябрь!I48+Декабрь!I48 -> 8263.3007 | G31: =E31-F31 -> 55300.551 | L31: Менеджер
A32: =LOOKUP(L32,Справочники!$B$2:$B$35,Справочники!$A$2:$A$35) -> Рекламный отдел | B32: =Октябрь!E56+Ноябрь!E56+Декабрь!E56 -> 45000 | C32: =Октябрь!F56+Ноябрь!F56+Декабрь!F56 -> 11813.851 | D32: =Октябрь!G56+Ноябрь!G56+Декабрь!G56 -> 6750 | E32: =B32+C32+D32 -> 63563.851 | F32: =Октябрь!I56+Ноябрь!I56+Декабрь!I56 -> 8263.3007 | G32: =E32-F32 -> 55300.551 | L32: Менеджер
A33: =LOOKUP(L33,Справочники!$B$2:$B$35,Справочники!$A$2:$A$35) -> Рекламный отдел | B33: =Октябрь!E58+Ноябрь!E58+Декабрь!E58 -> 66000 | C33: =Октябрь!F58+Ноябрь!F58+Декабрь!F58 -> 0 | D33: =Октябрь!G58+Ноябрь!G58+Декабрь!G58 -> 9900 | E33: =B33+C33+D33 -> 75900 | F33: =Октябрь!I58+Ноябрь!I58+Декабрь!I58 -> 9867 | G33: =E33-F33 -> 66033 | L33: Начальник отдела
A34: =LOOKUP(L34,Справочники!$B$2:$B$35,Справочники!$A$2:$A$35) -> Рекламный отдел | B34: =Октябрь!E62+Ноябрь!E62+Декабрь!E62 -> 54000 | C34: =Октябрь!F62+Ноябрь!F62+Декабрь!F62 -> 14176.622 | D34: =Октябрь!G62+Ноябрь!G62+Декабрь!G62 -> 8100 | E34: =B34+C34+D34 -> 76276.622 | F34: =Октябрь!I62+Ноябрь!I62+Декабрь!I62 -> 9915.9608 | G34: =E34-F34 -> 66360.661 | L34: Специалист по маркетингу
A35: =LOOKUP(L35,Справочники!$B$2:$B$35,Справочники!$A$2:$A$35) -> Рекламный отдел | B35: =Октябрь!E63+Ноябрь!E63+Декабрь!E63 -> 45000 | C35: =Октябрь!F63+Ноябрь!F63+Декабрь!F63 -> 11813.851 | D35: =Октябрь!G63+Ноябрь!G63+Декабрь!G63 -> 6750 | E35: =B35+C35+D35 -> 63563.851 | F35: =Октябрь!I63+Ноябрь!I63+Декабрь!I63 -> 8263.3007 | G35: =E35-F35 -> 55300.551 | L35: Менеджер
A36: Рекламный отдел Итог | B36: =SUBTOTAL(9,B26:B35) -> 573000 | C36: =SUBTOTAL(9,C26:C35) -> 133102.73 | D36: =SUBTOTAL(9,D26:D35) -> 85950 | E36: =SUBTOTAL(9,E26:E35) -> 792052.73 | F36: =SUBTOTAL(9,F26:F35) -> 102966.85 | G36: =SUBTOTAL(9,G26:G35) -> 689085.87
A37: =LOOKUP(L37,Справочники!$B$2:$B$35,Справочники!$A$2:$A$35) -> Склад | B37: =Октябрь!E12+Ноябрь!E12+Декабрь!E12 -> 33000 | C37: =Октябрь!F12+Ноябрь!F12+Декабрь!F12 -> 8663.491 | D37: =Октябрь!G12+Ноябрь!G12+Декабрь!G12 -> 4950 | E37: =B37+C37+D37 -> 46613.491 | F37: =Октябрь!I12+Ноябрь!I12+Декабрь!I12 -> 6059.7538 | G37: =E37-F37 -> 40553.737 | L37: Грузчик
A38: =LOOKUP(L38,Справочники!$B$2:$B$35,Справочники!$A$2:$A$35) -> Склад | B38: =Октябрь!E14+Ноябрь!E14+Декабрь!E14 -> 45000 | C38: =Октябрь!F14+Ноябрь!F14+Декабрь!F14 -> 11813.851 | D38: =Октябрь!G14+Ноябрь!G14+Декабрь!G14 -> 6750 | E38: =B38+C38+D38 -> 63563.851 | F38: =Октябрь!I14+Ноябрь!I14+Декабрь!I14 -> 8263.3007 | G38: =E38-F38 -> 55300.551 | L38: Кладовщик
A39: =LOOKUP(L39,Справочники!$B$2:$B$35,Справочники!$A$2:$A$35) -> Склад | B39: =Октябрь!E18+Ноябрь!E18+Декабрь!E18 -> 33000 | C39: =Октябрь!F18+Ноябрь!F18+Декабрь!F18 -> 0 | D39: =Октябрь!G18+Ноябрь!G18+Декабрь!G18 -> 4950 | E39: =B39+C39+D39 -> 37950 | F39: =Октябрь!I18+Ноябрь!I18+Декабрь!I18 -> 4933.5 | G39: =E39-F39 -> 33016.5 | L39: Грузчик
A40: =LOOKUP(L40,Справочники!$B$2:$B$35,Справочники!$A$2:$A$35) -> Склад | B40: =Октябрь!E35+Ноябрь!E35+Декабрь!E35 -> 66000 | C40: =Октябрь!F35+Ноябрь!F35+Декабрь!F35 -> 17326.982 | D40: =Октябрь!G35+Ноябрь!G35+Декабрь!G35 -> 9900 | E40: =B40+C40+D40 -> 93226.982 | F40: =Октябрь!I35+Ноябрь!I35+Декабрь!I35 -> 12119.508 | G40: =E40-F40 -> 81107.474 | L40: Начальник склада
A41: =LOOKUP(L41,Справочники!$B$2:$B$35,Справочники!$A$2:$A$35) -> Склад | B41: =Октябрь!E40+Ноябрь!E40+Декабрь!E40 -> 45000 | C41: =Октябрь!F40+Ноябрь!F40+Декабрь!F40 -> 11813.851 | D41: =Октябрь!G40+Ноябрь!G40+Декабрь!G40 -> 6750 | E41: =B41+C41+D41 -> 63563.851 | F41: =Октябрь!I40+Ноябрь!I40+Декабрь!I40 -> 8263.3007 | G41: =E41-F41 -> 55300.551 | L41: Кладовщик
A42: =LOOKUP(L42,Справочники!$B$2:$B$35,Справочники!$A$2:$A$35) -> Склад | B42: =Октябрь!E51+Ноябрь!E51+Декабрь!E51 -> 33000 | C42: =Октябрь!F51+Ноябрь!F51+Декабрь!F51 -> 8663.491 | D42: =Октябрь!G51+Ноябрь!G51+Декабрь!G51 -> 4950 | E42: =B42+C42+D42 -> 46613.491 | F42: =Октябрь!I51+Ноябрь!I51+Декабрь!I51 -> 6059.7538 | G42: =E42-F42 -> 40553.737 | L42: Грузчик
A43: Склад Итог | B43: =SUBTOTAL(9,B37:B42) -> 255000 | C43: =SUBTOTAL(9,C37:C42) -> 58281.667 | D43: =SUBTOTAL(9,D37:D42) -> 38250 | E43: =SUBTOTAL(9,E37:E42) -> 351531.67 | F43: =SUBTOTAL(9,F37:F42) -> 45699.117 | G43: =SUBTOTAL(9,G37:G42) -> 305832.55
A44: =LOOKUP(L44,Справочники!$B$2:$B$35,Справочники!$A$2:$A$35) -> Технологический отдел | B44: =Октябрь!E13+Ноябрь!E13+Декабрь!E13 -> 60000 | C44: =Октябрь!F13+Ноябрь!F13+Декабрь!F13 -> 15751.802 | D44: =Октябрь!G13+Ноябрь!G13+Декабрь!G13 -> 9000 | E44: =B44+C44+D44 -> 84751.802 | F44: =Октябрь!I13+Ноябрь!I13+Декабрь!I13 -> 11017.734 | G44: =E44-F44 -> 73734.068 | L44: Художник
A45: =LOOKUP(L45,Справочники!$B$2:$B$35,Справочники!$A$2:$A$35) -> Технологический отдел | B45: =Октябрь!E15+Ноябрь!E15+Декабрь!E15 -> 66000 | C45: =Октябрь!F15+Ноябрь!F15+Декабрь!F15 -> 0 | D45: =Октябрь!G15+Ноябрь!G15+Декабрь!G15 -> 9900 | E45: =B45+C45+D45 -> 75900 | F45: =Октябрь!I15+Ноябрь!I15+Декабрь!I15 -> 9867 | G45: =E45-F45 -> 66033 | L45: Главный технолог
A46: =LOOKUP(L46,Справочники!$B$2:$B$35,Справочники!$A$2:$A$35) -> Технологический отдел | B46: =Октябрь!E23+Ноябрь!E23+Декабрь!E23 -> 36000 | C46: =Октябрь!F23+Ноябрь!F23+Декабрь!F23 -> 9451.0811 | D46: =Октябрь!G23+Ноябрь!G23+Декабрь!G23 -> 5400 | E46: =B46+C46+D46 -> 50851.081 | F46: =Октябрь!I23+Ноябрь!I23+Декабрь!I23 -> 6610.6405 | G46: =E46-F46 -> 44240.441 | L46: Машинистка
A47: =LOOKUP(L47,Справочники!$B$2:$B$35,Справочники!$A$2:$A$35) -> Технологический отдел | B47: =Октябрь!E29+Ноябрь!E29+Декабрь!E29 -> 60000 | C47: =Октябрь!F29+Ноябрь!F29+Декабрь!F29 -> 15751.802 | D47: =Октябрь!G29+Ноябрь!G29+Декабрь!G29 -> 9000 | E47: =B47+C47+D47 -> 84751.802 | F47: =Октябрь!I29+Ноябрь!I29+Декабрь!I29 -> 11017.734 | G47: =E47-F47 -> 73734.068 | L47: Художник
A48: =LOOKUP(L48,Справочники!$B$2:$B$35,Справочники!$A$2:$A$35) -> Технологический отдел | B48: =Октябрь!E33+Ноябрь!E33+Декабрь!E33 -> 45000 | C48: =Октябрь!F33+Ноябрь!F33+Декабрь!F33 -> 11813.851 | D48: =Октябрь!G33+Ноябрь!G33+Декабрь!G33 -> 6750 | E48: =B48+C48+D48 -> 63563.851 | F48: =Октябрь!I33+Ноябрь!I33+Декабрь!I33 -> 8263.3007 | G48: =E48-F48 -> 55300.551 | L48: Технолог
A49: =LOOKUP(L49,Справочники!$B$2:$B$35,Справочники!$A$2:$A$35) -> Технологический отдел | B49: =Октябрь!E36+Ноябрь!E36+Декабрь!E36 -> 36000 | C49: =Октябрь!F36+Ноябрь!F36+Декабрь!F36 -> 9451.0811 | D49: =Октябрь!G36+Ноябрь!G36+Декабрь!G36 -> 5400 | E49: =B49+C49+D49 -> 50851.081 | F49: =Октябрь!I36+Ноябрь!I36+Декабрь!I36 -> 6610.6405 | G49: =E49-F49 -> 44240.441 | L49: Машинистка
A50: =LOOKUP(L50,Справочники!$B$2:$B$35,Справочники!$A$2:$A$35) -> Технологический отдел | B50: =Октябрь!E38+Ноябрь!E38+Декабрь!E38 -> 36000 | C50: =Октябрь!F38+Ноябрь!F38+Декабрь!F38 -> 9451.0811 | D50: =Октябрь!G38+Ноябрь!G38+Декабрь!G38 -> 5400 | E50: =B50+C50+D50 -> 50851.081 | F50: =Октябрь!I38+Ноябрь!I38+Декабрь!I38 -> 6610.6405 | G50: =E50-F50 -> 44240.441 | L50: Верстальщик
A51: =LOOKUP(L51,Справочники!$B$2:$B$35,Справочники!$A$2:$A$35) -> Технологический отдел | B51: =Октябрь!E39+Ноябрь!E39+Декабрь!E39 -> 36000 | C51: =Октябрь!F39+Ноябрь!F39+Декабрь!F39 -> 9451.0811 | D51: =Октябрь!G39+Ноябрь!G39+Декабрь!G39 -> 5400 | E51: =B51+C51+D51 -> 50851.081 | F51: =Октябрь!I39+Ноябрь!I39+Декабрь!I39 -> 6610.6405 | G51: =E51-F51 -> 44240.441 | L51: Машинистка
A52: =LOOKUP(L52,Справочники!$B$2:$B$35,Справочники!$A$2:$A$35) -> Технологический отдел | B52: =Октябрь!E45+Ноябрь!E45+Декабрь!E45 -> 51000 | C52: =Октябрь!F45+Ноябрь!F45+Декабрь!F45 -> 13389.032 | D52: =Октябрь!G45+Ноябрь!G45+Декабрь!G45 -> 7650 | E52: =B52+C52+D52 -> 72039.032 | F52: =Октябрь!I45+Ноябрь!I45+Декабрь!I45 -> 9365.0741 | G52: =E52-F52 -> 62673.957 | L52: Ведущий специалист
A53: =LOOKUP(L53,Справочники!$B$2:$B$35,Справочники!$A$2:$A$35) -> Технологический отдел | B53: =Октябрь!E47+Ноябрь!E47+Декабрь!E47 -> 42000 | C53: =Октябрь!F47+Ноябрь!F47+Декабрь!F47 -> 11026.261 | D53: =Октябрь!G47+Ноябрь!G47+Декабрь!G47 -> 6300 | E53: =B53+C53+D53 -> 59326.261 | F53: =Октябрь!I47+Ноябрь!I47+Декабрь!I47 -> 7712.414 | G53: =E53-F53 -> 51613.847 | L53: Технический корректор
A54: =LOOKUP(L54,Справочники!$B$2:$B$35,Справочники!$A$2:$A$35) -> Технологический отдел | B54: =Октябрь!E49+Ноябрь!E49+Декабрь!E49 -> 42000 | C54: =Октябрь!F49+Ноябрь!F49+Декабрь!F49 -> 11026.261 | D54: =Октябрь!G49+Ноябрь!G49+Декабрь!G49 -> 6300 | E54: =B54+C54+D54 -> 59326.261 | F54: =Октябрь!I49+Ноябрь!I49+Декабрь!I49 -> 7712.414 | G54: =E54-F54 -> 51613.847 | L54: Технический корректор
A55: =LOOKUP(L55,Справочники!$B$2:$B$35,Справочники!$A$2:$A$35) -> Технологический отдел | B55: =Октябрь!E52+Ноябрь!E52+Декабрь!E52 -> 42000 | C55: =Октябрь!F52+Ноябрь!F52+Декабрь!F52 -> 11026.261 | D55: =Октябрь!G52+Ноябрь!G52+Декабрь!G52 -> 6300 | E55: =B55+C55+D55 -> 59326.261 | F55: =Октябрь!I52+Ноябрь!I52+Декабрь!I52 -> 7712.414 | G55: =E55-F55 -> 51613.847 | L55: Технический специалист
A56: =LOOKUP(L56,Справочники!$B$2:$B$35,Справочники!$A$2:$A$35) -> Технологический отдел | B56: =Октябрь!E61+Ноябрь!E61+Декабрь!E61 -> 36000 | C56: =Октябрь!F61+Ноябрь!F61+Декабрь!F61 -> 9451.0811 | D56: =Октябрь!G61+Ноябрь!G61+Декабрь!G61 -> 5400 | E56: =B56+C56+D56 -> 50851.081 | F56: =Октябрь!I61+Ноябрь!I61+Декабрь!I61 -> 6610.6405 | G56: =E56-F56 -> 44240.441 | L56: Верстальщик
A57: =LOOKUP(L57,Справочники!$B$2:$B$35,Справочники!$A$2:$A$35) -> Технологический отдел | B57: =Октябрь!E65+Ноябрь!E65+Декабрь!E65 -> 60000 | C57: =Октябрь!F65+Ноябрь!F65+Декабрь!F65 -> 15751.802 | D57: =Октябрь!G65+Ноябрь!G65+Декабрь!G65 -> 9000 | E57: =B57+C57+D57 -> 84751.802 | F57: =Октябрь!I65+Ноябрь!I65+Декабрь!I65 -> 11017.734 | G57: =E57-F57 -> 73734.068 | L57: Художник
A58: =LOOKUP(L58,Справочники!$B$2:$B$35,Справочники!$A$2:$A$35) -> Технологический отдел | B58: =Октябрь!E66+Ноябрь!E66+Декабрь!E66 -> 45000 | C58: =Октябрь!F66+Ноябрь!F66+Декабрь!F66 -> 11813.851 | D58: =Октябрь!G66+Ноябрь!G66+Декабрь!G66 -> 6750 | E58: =B58+C58+D58 -> 63563.851 | F58: =Октябрь!I66+Ноябрь!I66+Декабрь!I66 -> 8263.3007 | G58: =E58-F58 -> 55300.551 | L58: Технолог
A59: =LOOKUP(L59,Справочники!$B$2:$B$35,Справочники!$A$2:$A$35) -> Технологический отдел | B59: =Октябрь!E67+Ноябрь!E67+Декабрь!E67 -> 36000 | C59: =Октябрь!F67+Ноябрь!F67+Декабрь!F67 -> 9451.0811 | D59: =Октябрь!G67+Ноябрь!G67+Декабрь!G67 -> 5400 | E59: =B59+C59+D59 -> 50851.081 | F59: =Октябрь!I67+Ноябрь!I67+Декабрь!I67 -> 6610.6405 | G59: =E59-F59 -> 44240.441 | L59: Верстальщик
A60: Технологический отдел Итог | B60: =SUBTOTAL(9,B44:B59) -> 729000 | C60: =SUBTOTAL(9,C44:C59) -> 174057.41 | D60: =SUBTOTAL(9,D44:D59) -> 109350 | E60: =SUBTOTAL(9,E44:E59) -> 1012407.4 | F60: =SUBTOTAL(9,F44:F59) -> 131612.96 | G60: =SUBTOTAL(9,G44:G59) -> 880794.45
A61: =LOOKUP(L61,Справочники!$B$2:$B$35,Справочники!$A$2:$A$35) -> Транспортный отдел | B61: =Октябрь!E21+Ноябрь!E21+Декабрь!E21 -> 36000 | C61: =Октябрь!F21+Ноябрь!F21+Декабрь!F21 -> 9451.0811 | D61: =Октябрь!G21+Ноябрь!G21+Декабрь!G21 -> 5400 | E61: =B61+C61+D61 -> 50851.081 | F61: =Октябрь!I21+Ноябрь!I21+Декабрь!I21 -> 6610.6405 | G61: =E61-F61 -> 44240.441 | L61: Водитель
A62: =LOOKUP(L62,Справочники!$B$2:$B$35,Справочники!$A$2:$A$35) -> Транспортный отдел | B62: =Октябрь!E46+Ноябрь!E46+Декабрь!E46 -> 36000 | C62: =Октябрь!F46+Ноябрь!F46+Декабрь!F46 -> 9451.0811 | D62: =Октябрь!G46+Ноябрь!G46+Декабрь!G46 -> 5400 | E62: =B62+C62+D62 -> 50851.081 | F62: =Октябрь!I46+Ноябрь!I46+Декабрь!I46 -> 6610.6405 | G62: =E62-F62 -> 44240.441 | L62: Водитель
A63: =LOOKUP(L63,Справочники!$B$2:$B$35,Справочники!$A$2:$A$35) -> Транспортный отдел | B63: =Октябрь!E54+Ноябрь!E54+Декабрь!E54 -> 36000 | C63: =Октябрь!F54+Ноябрь!F54+Декабрь!F54 -> 9451.0811 | D63: =Октябрь!G54+Ноябрь!G54+Декабрь!G54 -> 5400 | E63: =B63+C63+D63 -> 50851.081 | F63: =Октябрь!I54+Ноябрь!I54+Декабрь!I54 -> 6610.6405 | G63: =E63-F63 -> 44240.441 | L63: Водитель
A64: =LOOKUP(L64,Справочники!$B$2:$B$35,Справочники!$A$2:$A$35) -> Транспортный отдел | B64: =Октябрь!E55+Ноябрь!E55+Декабрь!E55 -> 36000 | C64: =Октябрь!F55+Ноябрь!F55+Декабрь!F55 -> 0 | D64: =Октябрь!G55+Ноябрь!G55+Декабрь!G55 -> 5400 | E64: =B64+C64+D64 -> 41400 | F64: =Октябрь!I55+Ноябрь!I55+Декабрь!I55 -> 5382 | G64: =E64-F64 -> 36018 | L64: Диспетчер
A65: Транспортный отдел Итог | B65: =SUBTOTAL(9,B61:B64) -> 144000 | C65: =SUBTOTAL(9,C61:C64) -> 28353.243 | D65: =SUBTOTAL(9,D61:D64) -> 21600 | E65: =SUBTOTAL(9,E61:E64) -> 193953.24 | F65: =SUBTOTAL(9,F61:F64) -> 25213.922 | G65: =SUBTOTAL(9,G61:G64) -> 168739.32
A66: =LOOKUP(L66,Справочники!$B$2:$B$35,Справочники!$A$2:$A$35) -> Управление | B66: =Октябрь!E6+Ноябрь!E6+Декабрь!E6 -> 45000 | C66: =Октябрь!F6+Ноябрь!F6+Декабрь!F6 -> 11813.851 | D66: =Октябрь!G6+Ноябрь!G6+Декабрь!G6 -> 6750 | E66: =B66+C66+D66 -> 63563.851 | F66: =Октябрь!I6+Ноябрь!I6+Декабрь!I6 -> 8263.3007 | G66: =E66-F66 -> 55300.551 | L66: Референт
A67: =LOOKUP(L67,Справочники!$B$2:$B$35,Справочники!$A$2:$A$35) -> Управление | B67: =Октябрь!E7+Ноябрь!E7+Декабрь!E7 -> 45000 | C67: =Октябрь!F7+Ноябрь!F7+Декабрь!F7 -> 11813.851 | D67: =Октябрь!G7+Ноябрь!G7+Декабрь!G7 -> 6750 | E67: =B67+C67+D67 -> 63563.851 | F67: =Октябрь!I7+Ноябрь!I7+Декабрь!I7 -> 8263.3007 | G67: =E67-F67 -> 55300.551 | L67: Референт
A68: =LOOKUP(L68,Справочники!$B$2:$B$35,Справочники!$A$2:$A$35) -> Управление | B68: =Октябрь!E8+Ноябрь!E8+Декабрь!E8 -> 45000 | C68: =Октябрь!F8+Ноябрь!F8+Декабрь!F8 -> 11813.851 | D68: =Октябрь!G8+Ноябрь!G8+Декабрь!G8 -> 6750 | E68: =B68+C68+D68 -> 63563.851 | F68: =Октябрь!I8+Ноябрь!I8+Декабрь!I8 -> 8263.3007 | G68: =E68-F68 -> 55300.551 | L68: Референт
A69: =LOOKUP(L69,Справочники!$B$2:$B$35,Справочники!$A$2:$A$35) -> Управление | B69: =Октябрь!E10+Ноябрь!E10+Декабрь!E10 -> 84000 | C69: =Октябрь!F10+Ноябрь!F10+Декабрь!F10 -> 22052.523 | D69: =Октябрь!G10+Ноябрь!G10+Декабрь!G10 -> 12600 | E69: =B69+C69+D69 -> 118652.52 | F69: =Октябрь!I10+Ноябрь!I10+Декабрь!I10 -> 15424.828 | G69: =E69-F69 -> 103227.69 | L69: Зам. директора
A70: =LOOKUP(L70,Справочники!$B$2:$B$35,Справочники!$A$2:$A$35) -> Управление | B70: =Октябрь!E16+Ноябрь!E16+Декабрь!E16 -> 105000 | C70: =Октябрь!F16+Ноябрь!F16+Декабрь!F16 -> 27565.653 | D70: =Октябрь!G16+Ноябрь!G16+Декабрь!G16 -> 15750 | E70: =B70+C70+D70 -> 148315.65 | F70: =Октябрь!I16+Ноябрь!I16+Декабрь!I16 -> 19281.035 | G70: =E70-F70 -> 129034.62 | L70: Директор
A71: =LOOKUP(L71,Справочники!$B$2:$B$35,Справочники!$A$2:$A$35) -> Управление | B71: =Октябрь!E44+Ноябрь!E44+Декабрь!E44 -> 45000 | C71: =Октябрь!F44+Ноябрь!F44+Декабрь!F44 -> 11813.851 | D71: =Октябрь!G44+Ноябрь!G44+Декабрь!G44 -> 6750 | E71: =B71+C71+D71 -> 63563.851 | F71: =Октябрь!I44+Ноябрь!I44+Декабрь!I44 -> 8263.3007 | G71: =E71-F71 -> 55300.551 | L71: Секретарь
A72: =LOOKUP(L72,Справочники!$B$2:$B$35,Справочники!$A$2:$A$35) -> Управление | B72: =Октябрь!E57+Ноябрь!E57+Декабрь!E57 -> 90000 | C72: =Октябрь!F57+Ноябрь!F57+Декабрь!F57 -> 23627.703 | D72: =Октябрь!G57+Ноябрь!G57+Декабрь!G57 -> 13500 | E72: =B72+C72+D72 -> 127127.7 | F72: =Октябрь!I57+Ноябрь!I57+Декабрь!I57 -> 16526.601 | G72: =E72-F72 -> 110601.1 | L72: Финансовый директор
A73: =LOOKUP(L73,Справочники!$B$2:$B$35,Справочники!$A$2:$A$35) -> Управление | B73: =Октябрь!E60+Ноябрь!E60+Декабрь!E60 -> 45000 | C73: =Октябрь!F60+Ноябрь!F60+Декабрь!F60 -> 11813.851 | D73: =Октябрь!G60+Ноябрь!G60+Декабрь!G60 -> 6750 | E73: =B73+C73+D73 -> 63563.851 | F73: =Октябрь!I60+Ноябрь!I60+Декабрь!I60 -> 8263.3007 | G73: =E73-F73 -> 55300.551 | L73: Референт
A74: Управление Итог | B74: =SUBTOTAL(9,B66:B73) -> 504000 | C74: =SUBTOTAL(9,C66:C73) -> 132315.14 | D74: =SUBTOTAL(9,D66:D73) -> 75600 | E74: =SUBTOTAL(9,E66:E73) -> 711915.14 | F74: =SUBTOTAL(9,F66:F73) -> 92548.968 | G74: =SUBTOTAL(9,G66:G73) -> 619366.17
A75: Общий итог | B75: =SUBTOTAL(9,B2:B73) -> 3129000 | C75: =SUBTOTAL(9,C2:C73) -> 768687.93 | D75: =SUBTOTAL(9,D2:D73) -> 469350 | E75: =SUBTOTAL(9,E2:E73) -> 4367037.9 | F75: =SUBTOTAL(9,F2:F73) -> 567714.93 | G75: =SUBTOTAL(9,G2:G73) -> 3799323

Sheet Диаграммы-1
A1: Отдел | B1: Оклад | C1: Премия | D1: Районный коэффициент | E1: Начислено | F1: НДФЛ | G1: К выдаче
A2: Бухгалтерия | B2: 264000 | C2: 69307.928 | D2: 39600 | E2: 372907.93 | F2: 48478.031 | G2: 324429.9
A3: Отдел продаж | B3: 45000 | C3: 11813.851 | D3: 6750 | E3: 63563.851 | F3: 8263.3007 | G3: 55300.551
A4: Отдел худ. Оформления | B4: 108000 | C4: 28353.243 | D4: 16200 | E4: 152553.24 | F4: 19831.922 | G4: 132721.32
A5: Редакторский отдел | B5: 507000 | C5: 133102.73 | D5: 76050 | E5: 716152.73 | F5: 93099.854 | G5: 623052.87
A6: Рекламный отдел | B6: 573000 | C6: 133102.73 | D6: 85950 | E6: 792052.73 | F6: 102966.85 | G6: 689085.87
A7: Склад | B7: 255000 | C7: 58281.667 | D7: 38250 | E7: 351531.67 | F7: 45699.117 | G7: 305832.55
A8: Технологический отдел | B8: 729000 | C8: 174057.41 | D8: 109350 | E8: 1012407.4 | F8: 131612.96 | G8: 880794.45
A9: Транспортный отдел | B9: 144000 | C9: 28353.243 | D9: 21600 | E9: 193953.24 | F9: 25213.922 | G9: 168739.32
A10: Управление | B10: 504000 | C10: 132315.14 | D10: 75600 | E10: 711915.14 | F10: 92548.968 | G10: 619366.17
A11: ИТОГО: | B11: 3129000 | C11: 768687.93 | D11: 469350 | E11: 4367037.9 | F11: 567714.93 | G11: 3799323

Sheet Диаграмма-2
